# Glossaire multilingue Kitview - Référentiel central de traductions;;;;
# Types :c=commun, z=ne pas traduire, t=tag,a=adjectif;;;;
# ═══════════════════════════════════════════════════════════════════════════════;;;;
# MOTS COMMUNS (type c);;;;
# ═══════════════════════════════════════════════════════════════════════════════;;;;
type;gn;canon;adj;renvois
c;;aussi;;
c;;aux;;
c;;avec;;
c;;comme;;
c;;dans;;
c;;de;;
c;;des;;
c;;et;;
c;;la;;
c;;le;;
c;;les;;
c;;moins;;
c;;ne;;
c;;ont;;
c;;ou;;
c;;pas;;
c;;plus;;
c;;pour;;
c;;que;;
c;;qui;;
c;;sans;;
c;;sont;;
c;;sur;;
c;;tous;;
c;;toutes;;
c;;très;;
c;;un;;
c;;une;;
c;;à;;
c;;adulte;;
c;;affiche;;
c;;ans;;
c;;après;;
c;;avant;;
c;;cherche;;
c;;combien;;
c;;donne;;
c;;enfant;;
c;;entre;;
c;;femme;;
c;;fille;;
c;;garçon;;
c;;homme;;
c;;jeune;;
c;;liste;;
c;;mois;;
c;;montre;;
c;;patient;;
c;;patients;;
c;;trouve;;
c;;vieux;;
c;;âge;;
c;;âgé;;
# ═══════════════════════════════════════════════════════════════════════════════;;;;
# Ne pas traduire (type z);;;;
# ═══════════════════════════════════════════════════════════════════════════════;;;;
z;;ANB<0°;;
z;;ANB=0°;;
z;;ANB>4°;;
z;;SNA>4°;;
z;;é,è,ê,ë,à,â,ù,û,ô,î,ï,ç,œ,æ,É,È,Ê,Ë,À,Â,Ù,Û,Ô,Î,Ï,Ç,Œ,Æ;;
# ═══════════════════════════════════════════════════════════════════════════════;;;;
# Ne tags adjectifs et rabatteurs;;;;
# ═══════════════════════════════════════════════════════════════════════════════;;;;
t;f;Classe I squelettique;idéale,modérée;classe 1 squelettique,classe i squelettique
a;f;idéale;;idéal|idéale|idéaux|idéales|parfait|parfaite|parfaits|parfaites|harmonieux|harmonieuse|harmonieuses,modéré|modérée|modérés|modérées
a;f;modérée;;
o;mp;parfaits;;
t;mp;bruxisme;;
a;fp;harmonieuses;;
;;;;
;;;;
;;;;
;;;;
;;;;
;;;;
;;;;
o;;div 2;;
o;;div2;;
o;;Classe III squelettique;;
o;;classe 3 squelettique;;
o;;classe iii squelettique;;
o;;classe I d'Angle;;
o;;Neutrocclusion;;
o;;Neutrocclusionne;;
o;;Neutrocclusions;;
o;;Neutrocclusionnes;;
o;;Occlusion normale;;
o;;Occlusions normales;;
o;;Relation molaire de Classe I;;
o;;Normocclusion;;
o;;Normocclusionne;;
o;;Normocclusions;;
o;;Normocclusionnes;;
o;;Classe 1 Dentaire;;
o;;relation molaire neutre;;
o;;relations molaires neutres;;
o;;classe 1;;
o;;classe I;;
o;;classe dentaire;;
o;;diastèmes;;
o;;avecs diastèmes;;
o;;espaces;;
o;;avecs espaces;;
o;;espacé;;
o;;espacée;;
o;;espacés;;
o;;espacées;;
o;;encombrement;;
o;;avecs encombrements;;
o;;encombré;;
o;;encombrée;;
o;;encombrés;;
o;;encombrées;;
o;;classe II d'Angle;;
o;;Distocclusion;;
o;;Distocclusionne;;
o;;Distocclusions;;
o;;Distocclusionnes;;
o;;Rétrognathie dentaire;;
o;;Rétrognathies dentaires;;
o;;Surplomb horizontal augmenté;;
o;;Surplombs horizontaux augmentés;;
o;;Overjet augmenté;;
o;;Classe 2 Dentaire;;
o;;surplomb horizontal accru;;
o;;surplombs horizontaux accrus;;
o;;distocclusion dentaire;;
o;;distocclusions dentaires;;
o;;classe 2;;
o;;classe II;;
o;;disto-occlusion;;
o;;disto-occlusionne;;
o;;disto-occlusions;;
o;;disto-occlusionnes;;
o;;rétrusion dentaire;;
o;;rétrusions dentaires;;
o;;sévère;;
o;;sévères;;
o;;grave;;
o;;graves;;
o;;marqué;;
o;;marquée;;
o;;marqués;;
o;;marquées;;
o;;important;;
o;;importante;;
o;;importants;;
o;;importantes;;
o;;modéré;;
o;;modérée;;
o;;modérés;;
o;;modérées;;
o;;léger;;
o;;légère;;
o;;légers;;
o;;légères;;
o;;subdivision;;
o;;unilatéral;;
o;;unilatérale;;
o;;unilatéraux;;
o;;unilatérales;;
o;;asymétrique;;
o;;asymétriques;;
o;;classe III d'Angle;;
o;;Mésiocclusion;;
o;;Mésiocclusionne;;
o;;Mésiocclusions;;
o;;Mésiocclusionnes;;
o;;Prognathie dentaire;;
o;;Prognathies dentaires;;
o;;Occlusion inversée;;
o;;Occlusions inversées;;
o;;Classe 3 Dentaire;;
o;;sous-occlusion dentaire;;
o;;sous-occlusions dentaires;;
o;;mésiocclusion dentaire;;
o;;mésiocclusions dentaires;;
o;;classe 3;;
o;;classe III;;
o;;mésio-occlusion;;
o;;mésio-occlusionne;;
o;;mésio-occlusions;;
o;;mésio-occlusionnes;;
o;;protrusion;;
o;;protrusionne;;
o;;protrusions;;
o;;protrusionnes;;
o;;rétrognathie mandibulaire;;
o;;Rétromandibulisme;;
o;;Rétromandibulismes;;
o;;rétromandibulaire;;
o;;rétromandibulaires;;
o;;mandibule en arrière;;
o;;mandibules ens arrières;;
o;;mandibule reculée;;
o;;mandibules reculées;;
o;;mandibule en retrait;;
o;;mandibules ens retraits;;
o;;majeur;;
o;;majeure;;
o;;majeurs;;
o;;majeures;;
o;;complexe;;
o;;complexes;;
o;;bénin;;
o;;bénigne;;
o;;bénins;;
o;;bénignes;;
o;;rétrognathie maxillaire;;
o;;rétromaxillaire;;
o;;rétromaxillaires;;
o;;maxillaire en arrière;;
o;;maxillaires ens arrières;;
o;;maxillaire reculé;;
o;;maxillaires reculés;;
o;;maxillaire en retrait;;
o;;maxillaires ens retraits;;
o;;Prognathisme mandibulaire;;
o;;prognathie mandibulaire;;
o;;prognathies mandibulaires;;
o;;mandibule en avant;;
o;;mandibules ens avants;;
o;;mandibule avancée;;
o;;mandibules avancées;;
o;;mandibule proéminente;;
o;;mandibules proéminentes;;
o;;Prognathisme maxillaire;;
o;;prognathie maxillaire;;
o;;prognathies maxillaires;;
o;;maxillaire en avant;;
o;;maxillaires ens avants;;
o;;maxillaire avancé;;
o;;maxillaires avancés;;
o;;maxillaire proéminent;;
o;;maxillaires proéminents;;
o;;béance;;
o;;beance;;
o;;beances;;
o;;béance dentaire;;
o;;béances dentaires;;
o;;espace entre les dents;;
o;;espaces entres les dents;;
o;;espace interdentaire;;
o;;espaces interdentaires;;
o;;morsure béante;;
o;;morsures béantes;;
o;;morsure ouverte;;
o;;morsures ouvertes;;
o;;open bite;;
o;;openbite;;
o;;écartement;;
o;;écartemente;;
o;;écartements;;
o;;écartementes;;
o;;écart;;
o;;écarte;;
o;;écarts;;
o;;écartes;;
o;;antérieur;;
o;;antérieuse;;
o;;antérieurs;;
o;;antérieuses;;
o;;frontal;;
o;;frontale;;
o;;frontaux;;
o;;frontales;;
o;;avante;;
o;;avants;;
o;;avantes;;
o;;postérieur;;
o;;postérieuse;;
o;;postérieurs;;
o;;postérieuses;;
o;;arrière;;
o;;arrières;;
o;;latéral;;
o;;latérale;;
o;;latéraux;;
o;;latérales;;
o;;gauche;;
o;;gauches;;
o;;droit;;
o;;droite;;
o;;droits;;
o;;droites;;
o;;Bruxisme;;
o;;bruxomanie;;
o;;bruxomanies;;
o;;clenching;;
o;;grincement;;
o;;grincemente;;
o;;grincements;;
o;;grincementes;;
o;;grinding;;
o;;serrement;;
o;;serremente;;
o;;serrements;;
o;;serrementes;;
o;;usure dentaire;;
o;;usures dentaires;;
o;;grince des dents;;
o;;grinces des dents;;
o;;grincent des dents;;
o;;grincents des dents;;
o;;dents qui grincent;;
o;;dents quis grincents;;
o;;nocturne;;
o;;nocturnes;;
o;;diurne;;
o;;diurnes;;
o;;avulsion;;
o;;arrachage dentaire;;
o;;arrachages dentaires;;
o;;dédentation;;
o;;dédentationne;;
o;;dédentations;;
o;;dédentationnes;;
o;;exodontie;;
o;;exodonties;;
o;;extraction;;
o;;extractionne;;
o;;extractions;;
o;;extractionnes;;
o;;extraction dentaire;;
o;;extractions dentaires;;
o;;immédiat;;
o;;immédiate;;
o;;immédiats;;
o;;immédiates;;
o;;différé;;
o;;différée;;
o;;différés;;
o;;différées;;
o;;programmé;;
o;;programmée;;
o;;programmés;;
o;;programmées;;
o;;activateur;;
o;;appareil fonctionnel;;
o;;appareils fonctionnels;;
o;;functional appliance;;
o;;functionaux appliances;;
o;;appareil amovible fonctionnel;;
o;;appareils amovibles fonctionnels;;
o;;appareil d'activation;;
o;;appareils d'activations;;
o;;activateur orthodontique;;
o;;activateurs orthodontiques;;
o;;monobloc;;
o;;monobloque;;
o;;monoblocs;;
o;;monobloques;;
o;;activateur de classe II;;
o;;arc;;
o;;fil orthodontique;;
o;;fils orthodontiques;;
o;;fil;;
o;;fils;;
o;;filles;;
o;;wire;;
o;;archwire;;
o;;fil métallique;;
o;;fils métalliques;;
o;;fil rond;;
o;;fils ronds;;
o;;fil rectangulaire;;
o;;fils rectangulaires;;
o;;fil d'arc;;
o;;fils d'arcs;;
o;;arc orthodontique;;
o;;arcs orthodontiques;;
o;;bagues;;
o;;brackets;;
o;;bracketsse;;
o;;bracketsses;;
o;;attaches;;
o;;attachesse;;
o;;attachesses;;
o;;broches;;
o;;brochesse;;
o;;brochesses;;
o;;braces;;
o;;bracesse;;
o;;bracesses;;
o;;bracket;;
o;;brackète;;
o;;brackètes;;
o;;appareil orthodontique;;
o;;appareils orthodontiques;;
o;;appareil dentaire;;
o;;appareils dentaires;;
o;;appareil multi-attaches;;
o;;appareils multi-attaches;;
o;;attaches orthodontiques;;
o;;boîtiers orthodontiques;;
o;;bielles;;
o;;bielle;;
o;;Forsus;;
o;;Forsusse;;
o;;Forsusses;;
o;;PowerScope;;
o;;système de bielles;;
o;;systèmes des bielles;;
o;;céramique;;
o;;ceramic;;
o;;ceramique;;
o;;ceramics;;
o;;ceramiques;;
o;;esthétique;;
o;;esthétiques;;
o;;transparent;;
o;;transparente;;
o;;transparents;;
o;;transparentes;;
o;;brackets céramiques;;
o;;attaches céramiques;;
o;;contention;;
o;;appareil de contention;;
o;;appareils des contentions;;
o;;fil de contention;;
o;;fils des contentions;;
o;;hawley;;
o;;maintenance;;
o;;maintenances;;
o;;maintien;;
o;;maintienne;;
o;;maintiens;;
o;;maintiennes;;
o;;plaque de contention;;
o;;plaques des contentions;;
o;;retention;;
o;;retentionne;;
o;;retentions;;
o;;retentionnes;;
o;;stabilisation;;
o;;stabilisationne;;
o;;stabilisations;;
o;;stabilisationnes;;
o;;fixe;;
o;;fixes;;
o;;collé;;
o;;collée;;
o;;collés;;
o;;collées;;
o;;amovible;;
o;;amovibles;;
o;;disjoncteur;;
o;;expansion;;
o;;expansionne;;
o;;expansions;;
o;;expansionnes;;
o;;disjonction;;
o;;disjonctionne;;
o;;disjonctions;;
o;;disjonctionnes;;
o;;disjoncteur palatin;;
o;;disjoncteurs palatins;;
o;;quad helix;;
o;;quads helix;;
o;;appareil d'expansion;;
o;;appareils d'expansions;;
o;;appareil d'expansion palatine;;
o;;appareils d'expansions palatines;;
o;;ERP;;
o;;ERPe;;
o;;ERPs;;
o;;ERPes;;
o;;expansion rapide du palais;;
o;;expansions rapides dus palais;;
o;;écarteur;;
o;;séparateur;;
o;;séparatrice;;
o;;séparateurs;;
o;;séparatrices;;
o;;separator;;
o;;separatore;;
o;;separators;;
o;;separatores;;
o;;élastique séparateur;;
o;;élastiques séparateurs;;
o;;anneau séparateur;;
o;;anneaux séparateurs;;
o;;élastiques intermaxillaires;;
o;;élastiques de classe;;
o;;élastiques classe II;;
o;;élastiques classe III;;
o;;rubber bands;;
o;;rubbers bands;;
o;;IMU;;
o;;IMUe;;
o;;IMUs;;
o;;IMUes;;
o;;gouttière;;
o;;invisalign;;
o;;invisaligne;;
o;;invisaligns;;
o;;invisalignes;;
o;;aligneur;;
o;;aligneuse;;
o;;aligneurs;;
o;;aligneuses;;
o;;aligneur invisible;;
o;;aligneurs invisibles;;
o;;appareil amovible transparent;;
o;;appareils amovibles transparents;;
o;;clear aligner;;
o;;clears aligners;;
o;;gouttière orthodontique;;
o;;gouttières orthodontiques;;
o;;gouttière transparente;;
o;;gouttières transparentes;;
o;;plaque;;
o;;plaques;;
o;;Herbst;;
o;;appareil de Herbst;;
o;;appareils des Herbsts;;
o;;correction classe II;;
o;;bielle de Herbst;;
o;;bielles des Herbsts;;
o;;vérin de Herbst;;
o;;vérins des Herbsts;;
o;;ligature;;
o;;élastique;;
o;;élastiques;;
o;;tie;;
o;;ties;;
o;;attache;;
o;;ligatures métalliques;;
o;;ligatures élastiques;;
o;;ligature colorée;;
o;;ligatures colorées;;
o;;mainteneur d'espace;;
o;;space maintainer;;
o;;spaces maintainers;;
o;;bague et anse;;
o;;bagues ets anses;;
o;;appareil mainteneur d'espace;;
o;;appareils mainteneurs d'espaces;;
o;;minivis;;
o;;mini-vis;;
o;;mini-visse;;
o;;mini-visses;;
o;;mini implant;;
o;;minis implants;;
o;;ancrage osseux;;
o;;ancrages osseux;;
o;;TADs;;
o;;TADsse;;
o;;TADsses;;
o;;ancrage squelettique;;
o;;ancrages squelettiques;;
o;;vis d'ancrage;;
o;;vis d'ancrages;;
o;;implant orthodontique temporaire;;
o;;implants orthodontiques temporaires;;
o;;pendulum;;
o;;distalisation molaire;;
o;;distalisations molaires;;
o;;appareil pendulum;;
o;;appareils pendulums;;
o;;plaque amovible;;
o;;appareil amovible;;
o;;appareils amovibles;;
o;;removable appliance;;
o;;removables appliances;;
o;;plaque orthodontique;;
o;;plaques orthodontiques;;
o;;Propulsor;;
o;;CI II Propulseur;;
o;;CIs IIs Propulseurs;;
o;;CI 2 Propulseur;;
o;;Classe II Propulseur;;
o;;Classe 2 Propulseur;;
o;;propulseur classe II;;
o;;4 helix;;
o;;quadri-hélix;;
o;;quadri-hélisse;;
o;;quadri-hélisses;;
o;;expansion lente;;
o;;expansions lentes;;
o;;agénésie;;
o;;agenesie;;
o;;agenesies;;
o;;dent manquante;;
o;;dents manquantes;;
o;;absence de dent;;
o;;absences des dents;;
o;;hypodontie;;
o;;hypodonties;;
o;;oligodontie;;
o;;oligodonties;;
o;;anodontie;;
o;;anodonties;;
o;;dent absente;;
o;;dents absentes;;
o;;ankylose;;
o;;dent ankylosée;;
o;;dents ankylosées;;
o;;fusion osseuse;;
o;;fusions osseuses;;
o;;ankilose;;
o;;ankiloses;;
o;;caries dentaires;;
o;;carie;;
o;;caries;;
o;;cavité;;
o;;cavitée;;
o;;cavités;;
o;;cavitées;;
o;;tooth decay;;
o;;tooths decays;;
o;;dental caries;;
o;;dentaux caries;;
o;;lésion carieuse;;
o;;lésions carieuses;;
o;;crowding;;
o;;encombrement;;
o;;encombremente;;
o;;encombrements;;
o;;encombrementes;;
o;;chevauchement;;
o;;chevauchemente;;
o;;chevauchements;;
o;;chevauchementes;;
o;;manque de place;;
o;;manques des places;;
o;;dents qui se chevauchent;;
o;;dents quis ses chevauchents;;
o;;entassement dentaire;;
o;;entassements dentaires;;
o;;crowding dentaire;;
o;;dent surnuméraire;;
o;;dent en trop;;
o;;dents ens trops;;
o;;dent supplémentaire;;
o;;dents supplémentaires;;
o;;hyperdontie;;
o;;hyperdonties;;
o;;mésiodens;;
o;;mésiodensse;;
o;;mésiodensses;;
o;;supernuméraire;;
o;;supernuméraires;;
o;;diastème;;
o;;diasteme;;
o;;diastemes;;
o;;espace;;
o;;espaces;;
o;;gap;;
o;;gape;;
o;;gaps;;
o;;gapes;;
o;;space;;
o;;spaces;;
o;;espacement;;
o;;espacemente;;
o;;espacements;;
o;;espacementes;;
o;;diastème central;;
o;;diastèmes centraux;;
o;;dents écartées;;
o;;écartement dentaire;;
o;;écartements dentaires;;
o;;dents du bonheur;;
o;;dents dus bonheurs;;
o;;diastemata;;
o;;diastèmes;;
o;;diastèmesse;;
o;;diastèmesses;;
o;;espaces multiples;;
o;;dents espacées;;
o;;espacement généralisé;;
o;;espacements généralisés;;
o;;dysplasie;;
o;;dysmorphie;;
o;;dysmorphies;;
o;;anomalie de développement;;
o;;anomalies des développements;;
o;;malformation;;
o;;malformationne;;
o;;malformations;;
o;;malformationnes;;
o;;anomalie congénitale;;
o;;anomalies congénitales;;
o;;ectopie;;
o;;dent en dehors de l'arcade;;
o;;dents ens dehors des l'arcades;;
o;;dent mal placée;;
o;;dents maux placées;;
o;;ectopic tooth;;
o;;ectopics tooths;;
o;;mal placée;;
o;;maux placées;;
o;;position ectopique;;
o;;positions ectopiques;;
o;;édentation;;
o;;edentation;;
o;;edentationne;;
o;;edentations;;
o;;edentationnes;;
o;;absence de dents;;
o;;édentement;;
o;;édentemente;;
o;;édentements;;
o;;édentementes;;
o;;perte de dents;;
o;;pertes des dents;;
o;;édenté;;
o;;édentée;;
o;;édentés;;
o;;édentées;;
o;;gingivite;;
o;;inflammation gingivale;;
o;;inflammations gingivales;;
o;;gencives rouges;;
o;;gingivitis;;
o;;gingivitisse;;
o;;gingivitisses;;
o;;inflammation des gencives;;
o;;inflammations des gencives;;
o;;inclusion;;
o;;dent incluse;;
o;;dents incluses;;
o;;dent qui ne sort pas;;
o;;dents quis nes sorts pas;;
o;;impaction;;
o;;impactionne;;
o;;impactions;;
o;;impactionnes;;
o;;impacted tooth;;
o;;impacteds tooths;;
o;;dent retenue;;
o;;dents retenues;;
o;;dent bloquée;;
o;;dents bloquées;;
o;;dent qui ne pousse pas;;
o;;dents quis nes pousses pas;;
o;;macrodontie;;
o;;dents trop grandes;;
o;;dents trops grandes;;
o;;surdimensionnement dentaire;;
o;;surdimensionnements dentaires;;
o;;mégalodontie;;
o;;mégalodonties;;
o;;maladie parodontale;;
o;;parodontite;;
o;;parodontites;;
o;;déchaussement;;
o;;déchaussemente;;
o;;déchaussements;;
o;;déchaussementes;;
o;;maladie des gencives;;
o;;maladies des gencives;;
o;;parodontopathie;;
o;;parodontopathies;;
o;;periodontal disease;;
o;;periodontaux diseases;;
o;;malocclusion;;
o;;malocclusion dentaire;;
o;;malocclusions dentaires;;
o;;maloclusion;;
o;;maloclusionne;;
o;;maloclusions;;
o;;maloclusionnes;;
o;;mauvaise occlusion;;
o;;mauvaises occlusions;;
o;;mauvais engrènement;;
o;;mauvais engrènements;;
o;;problème d'occlusion;;
o;;problèmes d'occlusions;;
o;;malposition dentaire;;
o;;malposition;;
o;;malpositionne;;
o;;malpositions;;
o;;malpositionnes;;
o;;ectopie dentaire;;
o;;ectopies dentaires;;
o;;dent mal positionnée;;
o;;dents maux positionnées;;
o;;mandibulaire;;
o;;mandibulaires;;
o;;inférieur;;
o;;inférieuse;;
o;;inférieurs;;
o;;inférieuses;;
o;;maxillaire;;
o;;maxillaires;;
o;;supérieur;;
o;;supérieuse;;
o;;supérieurs;;
o;;supérieuses;;
o;;microdontie;;
o;;dents trop petites;;
o;;dents trops petites;;
o;;nanisme dentaire;;
o;;nanismes dentaires;;
o;;sous-dimensionnement dentaire;;
o;;sous-dimensionnements dentaires;;
o;;nécrose pulpaire;;
o;;mort pulpaire;;
o;;morts pulpaires;;
o;;nécrose de la pulpe;;
o;;nécroses des las pulpes;;
o;;pulpe nécrosée;;
o;;pulpes nécrosées;;
o;;dévitalisation nécessaire;;
o;;dévitalisations nécessaires;;
o;;récession gingivale;;
o;;gingival recession;;
o;;gingivaux recessions;;
o;;receding gums;;
o;;recedings gums;;
o;;récession parodontale;;
o;;récessions parodontales;;
o;;rétraction gingivale;;
o;;rétractions gingivales;;
o;;récidive;;
o;;recidive;;
o;;rechute;;
o;;rechutes;;
o;;relapse;;
o;;relapses;;
o;;retour;;
o;;retoure;;
o;;retours;;
o;;retoures;;
o;;récidive orthodontique;;
o;;résorption radiculaire;;
o;;résorption de la racine;;
o;;résorptions des las racines;;
o;;racine qui se résorbe;;
o;;racines quis ses résorbes;;
o;;rhizalyse;;
o;;rhizalyses;;
o;;résorption apicale;;
o;;résorptions apicales;;
o;;raccourcissement radiculaire;;
o;;raccourcissements radiculaires;;
o;;rotation;;
o;;dent tournée;;
o;;dents tournées;;
o;;dent rotée;;
o;;dents rotées;;
o;;twisted tooth;;
o;;rotation axiale;;
o;;rotations axiales;;
o;;dent pivotée;;
o;;dents pivotées;;
o;;malposition rotationnelle;;
o;;malpositions rotationnelles;;
o;;version axiale;;
o;;versions axiales;;
o;;transposition;;
o;;dents transposées;;
o;;inversion de position;;
o;;inversions des positions;;
o;;permutation dentaire;;
o;;permutations dentaires;;
o;;échange de position;;
o;;échanges des positions;;
o;;proalvéolie;;
o;;proinclinaison;;
o;;proinclinaisonne;;
o;;proinclinaisons;;
o;;proinclinaisonnes;;
o;;prochéilie;;
o;;prochéilies;;
o;;incisif;;
o;;incisive;;
o;;incisifs;;
o;;incisives;;
o;;rétroalvéolie;;
o;;rétroinclinaison;;
o;;rétroinclinaisonne;;
o;;rétroinclinaisons;;
o;;rétroinclinaisonnes;;
o;;rétrochéilie;;
o;;rétrochéilies;;
o;;endoalvéolie;;
o;;anomalie alvéolaire;;
o;;anomalies alvéolaires;;
o;;anomalie basale;;
o;;anomalies basales;;
o;;macrognathie;;
o;;grande mâchoire;;
o;;grandes mâchoires;;
o;;hyperplasie;;
o;;hyperplasies;;
o;;grosse mâchoire;;
o;;grosses mâchoires;;
o;;mâchoire trop grande;;
o;;mâchoires trops grandes;;
o;;excès mandibulaire;;
o;;excès mandibulaires;;
o;;excès maxillaire;;
o;;excès maxillaires;;
o;;micrognathie;;
o;;petite mâchoire;;
o;;petites mâchoires;;
o;;hypoplasie;;
o;;hypoplasies;;
o;;mâchoire trop petite;;
o;;mâchoires trops petites;;
o;;déficit mandibulaire;;
o;;déficits mandibulaires;;
o;;déficit maxillaire;;
o;;déficits maxillaires;;
o;;occlusion croisée;;
o;;crossbite;;
o;;morsure croisée;;
o;;morsures croisées;;
o;;articulé croisé;;
o;;articulés croisés;;
o;;occlusion inversée;;
o;;morsure inversée;;
o;;morsures inversées;;
o;;occlusion inverse;;
o;;occlusions inverses;;
o;;articulé inversé;;
o;;articulés inversés;;
o;;supraclusion;;
o;;deep bite;;
o;;morsure profonde;;
o;;morsures profondes;;
o;;overbite;;
o;;recouvrement vertical excessif;;
o;;recouvrements verticaux excessifs;;
o;;supraocclusion;;
o;;supraocclusionne;;
o;;supraocclusions;;
o;;supraocclusionnes;;
o;;prononcé;;
o;;prononcée;;
o;;prononcés;;
o;;prononcées;;
o;;total;;
o;;totale;;
o;;totaux;;
o;;totales;;
o;;complet;;
o;;complète;;
o;;complets;;
o;;complètes;;
o;;infraclusion;;
o;;underbite;;
o;;sous-occlusion antérieure;;
o;;sous-occlusions antérieures;;
o;;version;;
o;;inclinaison;;
o;;inclinaisonne;;
o;;inclinaisons;;
o;;inclinaisonnes;;
o;;tipping;;
o;;tippingue;;
o;;tippings;;
o;;tippingues;;
o;;basculement;;
o;;basculemente;;
o;;basculements;;
o;;basculementes;;
o;;inclinaison dentaire;;
o;;inclinaisons dentaires;;
o;;bascule;;
o;;bascules;;
o;;mouvement de version;;
o;;mouvements des versions;;
o;;vestibulo-version;;
o;;vestibuloversion;;
o;;versé en vestibulaire;;
o;;versés ens vestibulaires;;
o;;incliné vers la joue;;
o;;inclinés vers las joues;;
o;;incliné vers l'extérieur;;
o;;inclinés vers l'extérieurs;;
o;;vestibulo-position;;
o;;vestibulo-positionne;;
o;;vestibulo-positions;;
o;;vestibulo-positionnes;;
o;;linguo-version;;
o;;linguoversion;;
o;;versé en lingual;;
o;;versés ens linguaux;;
o;;incliné vers la langue;;
o;;inclinés vers las langues;;
o;;inclinaison linguale;;
o;;inclinaisons linguales;;
o;;égression;;
o;;extrusion;;
o;;extrusionne;;
o;;extrusions;;
o;;extrusionnes;;
o;;éruption;;
o;;éruptionne;;
o;;éruptions;;
o;;éruptionnes;;
o;;sortie dentaire;;
o;;sorties dentaires;;
o;;égression dentaire;;
o;;égressions dentaires;;
o;;ingression;;
o;;intrusion;;
o;;intrusionne;;
o;;intrusions;;
o;;intrusionnes;;
o;;enfoncement;;
o;;enfoncemente;;
o;;enfoncements;;
o;;enfoncementes;;
o;;intrusion dentaire;;
o;;intrusions dentaires;;
o;;mouvement d'intrusion;;
o;;mouvements d'intrusions;;
o;;supraposition;;
o;;supra-position;;
o;;supra-positionne;;
o;;supra-positions;;
o;;supra-positionnes;;
o;;dent en supraposition;;
o;;dents ens suprapositions;;
o;;dent trop haute;;
o;;dents trops hautes;;
o;;supra-éruption;;
o;;supra-éruptionne;;
o;;supra-éruptions;;
o;;supra-éruptionnes;;
o;;éruption excessive;;
o;;éruptions excessives;;
o;;infraposition;;
o;;infra-position;;
o;;infra-positionne;;
o;;infra-positions;;
o;;infra-positionnes;;
o;;dent en infraposition;;
o;;dents ens infrapositions;;
o;;dent trop basse;;
o;;dents trops basses;;
o;;sous-éruption;;
o;;sous-éruptionne;;
o;;sous-éruptions;;
o;;sous-éruptionnes;;
o;;distalisation;;
o;;recul;;
o;;reculle;;
o;;reculs;;
o;;reculles;;
o;;déplacement distal;;
o;;déplacements distaux;;
o;;mouvement de distalisation;;
o;;mouvements des distalisations;;
o;;mésialisation;;
o;;avancement;;
o;;avancemente;;
o;;avancements;;
o;;avancementes;;
o;;déplacement mésial;;
o;;déplacements mésiaux;;
o;;mouvement de mésialisation;;
o;;mouvements des mésialisations;;
o;;translation;;
o;;mouvement;;
o;;mouvemente;;
o;;mouvements;;
o;;mouvementes;;
o;;déplacement corporel;;
o;;déplacements corporels;;
o;;mouvement corporel;;
o;;mouvements corporels;;
o;;déplacement en bloc;;
o;;déplacements ens blocs;;
o;;bodily movement;;
o;;bodilys movements;;
o;;translation dentaire;;
o;;translations dentaires;;
o;;torque;;
o;;torsion radiculaire;;
o;;torsions radiculaires;;
o;;rotation radiculaire;;
o;;rotations radiculaires;;
o;;inclinaison radiculaire;;
o;;inclinaisons radiculaires;;
o;;angulation radiculaire;;
o;;angulations radiculaires;;
o;;couple;;
o;;couples;;
o;;asymétrie faciale;;
o;;visage asymétrique;;
o;;visages asymétriques;;
o;;déviation faciale;;
o;;déviations faciales;;
o;;déviation mandibulaire;;
o;;décalage mandibulaire;;
o;;décalages mandibulaires;;
o;;déviation de la mandibule;;
o;;déviations des las mandibules;;
o;;déviation maxillaire;;
o;;décalage dentaire;;
o;;décalages dentaires;;
o;;déviation de la ligne médiane;;
o;;déviations des las lignes médianes;;
o;;latérodéviation mandibulaire;;
o;;déviation mandibulaire latérale;;
o;;déviations mandibulaires latérales;;
o;;asymétrie mandibulaire;;
o;;asymétries mandibulaires;;
o;;latérodéviation maxillaire;;
o;;déviation maxillaire latérale;;
o;;déviations maxillaires latérales;;
o;;asymétrie maxillaire;;
o;;asymétries maxillaires;;
o;;ATM;;
o;;articulation temporo-mandibulaire;;
o;;articulations temporo-mandibulaires;;
o;;troubles ATM;;
o;;troubles ATMs;;
o;;dysfonction temporo-mandibulaire;;
o;;dysfonctions temporo-mandibulaires;;
o;;TMJ;;
o;;TMJe;;
o;;TMJs;;
o;;TMJes;;
o;;TMD;;
o;;TMDe;;
o;;TMDs;;
o;;TMDes;;
o;;arthrite;;
o;;inflammation articulaire;;
o;;inflammations articulaires;;
o;;arthropathie inflammatoire;;
o;;arthropathies inflammatoires;;
o;;infectieux;;
o;;infectieuse;;
o;;infectieuses;;
o;;septique;;
o;;septiques;;
o;;bactérien;;
o;;bactérienne;;
o;;bactériens;;
o;;bactériennes;;
o;;traumatique;;
o;;traumatiques;;
o;;post-traumatique;;
o;;post-traumatiques;;
o;;arthrose;;
o;;ostéoarthrite;;
o;;ostéoarthrites;;
o;;arthropathie dégénérative;;
o;;arthropathies dégénératives;;
o;;maladie articulaire dégénérative;;
o;;maladies articulaires dégénératives;;
o;;claquement articulaire;;
o;;claquement ATM;;
o;;claquements ATMs;;
o;;clicking;;
o;;clickingue;;
o;;clickings;;
o;;clickingues;;
o;;ressaut articulaire;;
o;;ressaut ATM;;
o;;ressauts ATMs;;
o;;popping;;
o;;poppingue;;
o;;poppings;;
o;;poppingues;;
o;;luxation;;
o;;luxation ATM;;
o;;luxations ATMs;;
o;;déplacement articulaire;;
o;;déplacements articulaires;;
o;;dislocation;;
o;;dislocationne;;
o;;dislocations;;
o;;dislocationnes;;
o;;luxation méniscale;;
o;;déplacement du ménisque;;
o;;déplacements dus ménisques;;
o;;luxation discale;;
o;;luxations discales;;
o;;trouble de l'atm;;
o;;troubles des l'atms;;
o;;réductible;;
o;;réductibles;;
o;;apnée du sommeil;;
o;;sleep apnea;;
o;;sleeps apneas;;
o;;OSA;;
o;;OSAs;;
o;;obstructive sleep apnea;;
o;;obstructives sleeps apneas;;
o;;syndrome d'apnées obstructives du sommeil;;
o;;syndromes d'apnées obstructives dus sommeils;;
o;;SAOS;;
o;;SAOSse;;
o;;SAOSses;;
o;;ronflement;;
o;;ronflemente;;
o;;ronflements;;
o;;ronflementes;;
o;;déglutition;;
o;;avaler;;
o;;avalère;;
o;;avalers;;
o;;avalères;;
o;;swallowing;;
o;;fonction de déglutition;;
o;;fonctions des déglutitions;;
o;;acte de déglutition;;
o;;actes des déglutitions;;
o;;atypique;;
o;;atypiques;;
o;;primaire;;
o;;primaires;;
o;;dysfonction linguale;;
o;;langue basse;;
o;;langues basses;;
o;;position linguale basse;;
o;;positions linguales basses;;
o;;trouble de la déglutition;;
o;;troubles des las déglutitions;;
o;;déglutition primaire;;
o;;déglutitions primaires;;
o;;mauvaise position linguale;;
o;;mauvaises positions linguales;;
o;;interposition linguale;;
o;;langue entre les dents;;
o;;langues entres les dents;;
o;;tongue thrust;;
o;;tongues thrusts;;
o;;béance par interposition;;
o;;béances pars interpositions;;
o;;poussée linguale;;
o;;poussées linguales;;
o;;mastication;;
o;;mâcher;;
o;;mâchère;;
o;;mâchers;;
o;;mâchères;;
o;;mastiquer;;
o;;mastiquère;;
o;;mastiquers;;
o;;mastiquères;;
o;;croquer;;
o;;croquère;;
o;;croquers;;
o;;croquères;;
o;;chewing;;
o;;fonction masticatrice;;
o;;fonctions masticatrices;;
o;;fonction masticatoire;;
o;;fonctions masticatoires;;
o;;phonation;;
o;;parole;;
o;;paroles;;
o;;élocution;;
o;;élocutionne;;
o;;élocutions;;
o;;élocutionnes;;
o;;parler;;
o;;parlère;;
o;;parlers;;
o;;parlères;;
o;;speech;;
o;;speeche;;
o;;speechs;;
o;;speeches;;
o;;fonction phonatoire;;
o;;fonctions phonatoires;;
o;;articulation;;
o;;articulationne;;
o;;articulations;;
o;;articulationnes;;
o;;respiration buccale;;
o;;ventilation orale;;
o;;ventilations orales;;
o;;bouche ouverte;;
o;;bouches ouvertes;;
o;;mouth breathing;;
o;;mouths breathings;;
o;;respirateur buccal;;
o;;respirateurs buccaux;;
o;;respiration orale;;
o;;respirations orales;;
o;;respiration par la bouche;;
o;;respirations pars las bouches;;
o;;ventilation nasale;;
o;;respiration nasale;;
o;;respirations nasales;;
o;;nasal breathing;;
o;;nasaux breathings;;
o;;respiration par le nez;;
o;;respirations pars les nez;;
o;;succion;;
o;;habitude de succion;;
o;;habitudes des succions;;
o;;pacifier;;
o;;pacifière;;
o;;pacifiers;;
o;;pacifières;;
o;;pouce;;
o;;pouces;;
o;;suce le pouce;;
o;;suces les pouces;;
o;;sucer;;
o;;sucère;;
o;;sucers;;
o;;sucères;;
o;;sucotement;;
o;;sucotemente;;
o;;sucotements;;
o;;sucotementes;;
o;;tétine;;
o;;tétines;;
o;;digital;;
o;;digitale;;
o;;digitaux;;
o;;digitales;;
o;;onychophagie;;
o;;ronger les ongles;;
o;;rongers les ongles;;
o;;nail biting;;
o;;nails bitings;;
o;;se ronger les ongles;;
o;;ses rongers les ongles;;
o;;alignement;;
o;;redressement;;
o;;redressemente;;
o;;redressements;;
o;;redressementes;;
o;;correction;;
o;;correctionne;;
o;;corrections;;
o;;correctionnes;;
o;;straightening;;
o;;straighteningue;;
o;;straightenings;;
o;;straighteningues;;
o;;alignement dentaire;;
o;;alignements dentaires;;
o;;alignement des dents;;
o;;alignements des dents;;
o;;chirurgie;;
o;;intervention;;
o;;interventionne;;
o;;interventions;;
o;;interventionnes;;
o;;opération;;
o;;opérationne;;
o;;opérations;;
o;;opérationnes;;
o;;surgery;;
o;;surgerys;;
o;;chirurgie maxillaire;;
o;;chirurgies maxillaires;;
o;;chirurgie mandibulaire;;
o;;chirurgies mandibulaires;;
o;;opération mâchoire;;
o;;opérations mâchoires;;
o;;orthognathic surgery;;
o;;orthognathics surgerys;;
o;;chirurgie maxillo-faciale;;
o;;chirurgies maxillo-faciales;;
o;;détartrage;;
o;;nettoyage dentaire;;
o;;nettoyages dentaires;;
o;;prophylaxie;;
o;;prophylaxies;;
o;;scaling;;
o;;scalingue;;
o;;scalings;;
o;;scalingues;;
o;;surfaçage;;
o;;surfaçages;;
o;;ostéotomie;;
o;;chirurgie des mâchoires;;
o;;chirurgies des mâchoires;;
o;;jaw surgery;;
o;;chirurgie orthognathique;;
o;;chirurgies orthognathiques;;
o;;chirurgie bimaxillaire;;
o;;chirurgies bimaxillaires;;
o;;stripping;;
o;;IPR;;
o;;IPRe;;
o;;IPRs;;
o;;IPRes;;
o;;réduction interproximale;;
o;;réductions interproximales;;
o;;polissage interproximal;;
o;;polissages interproximaux;;
o;;meulage;;
o;;meulages;;
o;;limage;;
o;;limages;;
o;;réduction amélaire;;
o;;réductions amélaires;;
o;;slicing;;
o;;slicingue;;
o;;slicings;;
o;;slicingues;;
o;;traitement interceptif;;
o;;traitement précoce;;
o;;traitements précoces;;
o;;early treatment;;
o;;earlys treatments;;
o;;interception orthodontique;;
o;;interceptions orthodontiques;;
o;;ANB;;
o;;angle ANB;;
o;;relation intermaxillaire;;
o;;relations intermaxillaires;;
o;;décalage squelettique;;
o;;décalages squelettiques;;
o;;mesure ANB;;
o;;mesures ANBs;;
o;;relation antéropostérieure;;
o;;relations antéropostérieures;;
o;;angle squelettique;;
o;;relation maxillo-mandibulaire;;
o;;relations maxillo-mandibulaires;;
o;;SNA;;
o;;angle SNA;;
o;;position maxillaire;;
o;;positions maxillaires;;
o;;mesure SNA;;
o;;mesures SNAs;;
o;;position du maxillaire;;
o;;positions dus maxillaires;;
o;;SNB;;
o;;angle SNB;;
o;;position mandibulaire;;
o;;positions mandibulaires;;
o;;mesure SNB;;
o;;mesures SNBs;;
o;;position de la mandibule;;
o;;positions des las mandibules;;
o;;Wits;;
o;;appraisal de Wits;;
o;;analyse de Wits;;
o;;AO-BO;;
o;;AO-BOs;;
o;;Wits appraisal;;
o;;analyse Wits;;
o;;mesure de Wits;;
o;;céphalométrie;;
o;;téléradiographie;;
o;;téléradiographies;;
o;;téléradio;;
o;;téléradios;;
o;;lateral ceph;;
o;;lateraux cephs;;
o;;profil;;
o;;profille;;
o;;profils;;
o;;profilles;;
o;;cephalo;;
o;;cephalos;;
o;;radio de profil;;
o;;radios des profils;;
o;;télécrâne;;
o;;télécrânes;;
o;;radiographie de profil;;
o;;radiographies des profils;;
o;;panoramique;;
o;;radio panoramique;;
o;;radios panoramiques;;
o;;orthopantomogramme;;
o;;orthopantomogrammes;;
o;;OPG;;
o;;OPGue;;
o;;OPGs;;
o;;OPGues;;
o;;panorex;;
o;;panoresse;;
o;;panoresses;;
o;;radio;;
o;;radios;;
o;;radiographie;;
o;;radiographies;;
o;;panoramique dentaire;;
o;;panoramiques dentaires;;
o;;radiographie panoramique;;
o;;radiographies panoramiques;;
o;;scanner;;
o;;cone beam;;
o;;cones beams;;
o;;CBCT;;
o;;CBCTe;;
o;;CBCTs;;
o;;CBCTes;;
o;;tomodensitométrie;;
o;;tomodensitométries;;
o;;cone beam CT;;
o;;cones beams CTs;;
o;;3D;;
o;;imagerie 3D;;
o;;scan 3D;;
o;;tomographie;;
o;;tomographies;;
o;;scanner intra-oral;;
o;;empreinte numérique;;
o;;empreintes numériques;;
o;;digital impression;;
o;;digitaux impressions;;
o;;scan numérique;;
o;;scans numériques;;
o;;empreinte;;
o;;prise d'empreinte;;
o;;prises d'empreintes;;
o;;moulage;;
o;;moulages;;
o;;impression;;
o;;impressionne;;
o;;impressions;;
o;;impressionnes;;
o;;alginate;;
o;;alginates;;
o;;empreinte dentaire;;
o;;empreintes dentaires;;
o;;arcade;;
o;;arcade dentaire;;
o;;arcades dentaires;;
o;;arc dentaire;;
o;;arcs dentaires;;
o;;dental arch;;
o;;dentaux archs;;
o;;canine;;
o;;croc;;
o;;croque;;
o;;crocs;;
o;;croques;;
o;;cuspide;;
o;;cuspides;;
o;;dent canine;;
o;;dents canines;;
o;;dent de loup;;
o;;dents des loups;;
o;;inclus;;
o;;inclusse;;
o;;inclusses;;
o;;dent de devant;;
o;;dents des devants;;
o;;dents de devant;;
o;;central;;
o;;centrale;;
o;;centraux;;
o;;centrales;;
o;;molaire;;
o;;grosse dent;;
o;;grosses dents;;
o;;dent du fond;;
o;;dents dus fonds;;
o;;sixième;;
o;;sixièmes;;
o;;douzième;;
o;;douzièmes;;
o;;molaire de six ans;;
o;;molaires des six ans;;
o;;molaire de douze ans;;
o;;molaires des douzes ans;;
o;;premier;;
o;;première;;
o;;premiers;;
o;;premières;;
o;;deuxième;;
o;;deuxièmes;;
o;;prémolaire;;
o;;premolaire;;
o;;premolaires;;
o;;bicuspide;;
o;;bicuspides;;
o;;quatrième;;
o;;quatrièmes;;
o;;cinquième;;
o;;cinquièmes;;
o;;petite molaire;;
o;;petites molaires;;
o;;dentition mixte;;
o;;mixed dentition;;
o;;mixeds dentitions;;
o;;denture mixte;;
o;;dentures mixtes;;
o;;dentition transitionnelle;;
o;;dentitions transitionnelles;;
o;;dentition permanente;;
o;;dents définitives;;
o;;dents d'adulte;;
o;;dents d'adultes;;
o;;permanent dentition;;
o;;permanents dentitions;;
o;;denture permanente;;
o;;dentures permanentes;;
o;;dentition adulte;;
o;;dentitions adultes;;
o;;dentition temporaire;;
o;;dents de lait;;
o;;dents des laits;;
o;;dents de bébé;;
o;;dents des bébés;;
o;;primary dentition;;
o;;primarys dentitions;;
o;;deciduous;;
o;;deciduousse;;
o;;deciduousses;;
o;;dents lactéales;;
o;;dents primaires;;
o;;denture temporaire;;
o;;dentures temporaires;;
o;;croissance;;
o;;développement;;
o;;développemente;;
o;;développements;;
o;;développementes;;
o;;grandir;;
o;;grandire;;
o;;grandirs;;
o;;grandires;;
o;;growth;;
o;;maturation;;
o;;maturationne;;
o;;maturations;;
o;;maturationnes;;
o;;pic;;
o;;pique;;
o;;pics;;
o;;piques;;
o;;pubertaire;;
o;;pubertaires;;
o;;DDM;;
o;;dysharmonie;;
o;;dysharmonies;;
o;;discrepance;;
o;;discrepances;;
o;;dysharmonie dentaire;;
o;;dysharmonies dentaires;;
o;;dysmorphose;;
o;;dysmorphoses;;
o;;dysharmonie dento-maxillaire;;
o;;dysharmonies dento-maxillaires;;
o;;++;;
o;;#NOM?;;
o;;douleur;;
o;;mal;;
o;;male;;
o;;maux;;
o;;males;;
o;;pain;;
o;;paine;;
o;;pains;;
o;;paines;;
o;;souffrir;;
o;;souffrire;;
o;;souffrirs;;
o;;souffrires;;
o;;inconfort;;
o;;inconforte;;
o;;inconforts;;
o;;inconfortes;;
o;;sensibilité;;
o;;sensibilitée;;
o;;sensibilités;;
o;;sensibilitées;;
o;;douleur dentaire;;
o;;douleurs dentaires;;
o;;hygiène;;
o;;nettoyage;;
o;;nettoyages;;
o;;brossage;;
o;;brossages;;
o;;cleaning;;
o;;cleaningue;;
o;;cleanings;;
o;;cleaningues;;
o;;hygiène bucco-dentaire;;
o;;hygiènes bucco-dentaires;;
o;;hygiène dentaire;;
o;;hygiènes dentaires;;
o;;proglissement mandibulaire;;
o;;proglissement;;
o;;proglissemente;;
o;;proglissements;;
o;;proglissementes;;
o;;glissement mandibulaire;;
o;;glissements mandibulaires;;
o;;déviation mandibulaire fonctionnelle;;
o;;déviations mandibulaires fonctionnelles;;
o;;proglissement fonctionnel;;
o;;proglissements fonctionnels;;
o;;surplomb;;
o;;recouvrement horizontal;;
o;;recouvrements horizontaux;;
o;;décalage horizontal;;
o;;décalages horizontaux;;
o;;overjet;;
o;;surjet;;
o;;surjète;;
o;;surjets;;
o;;surjètes;;
o;;consultation;;
o;;rendez-vous;;
o;;rendez-vousse;;
o;;rendez-vousses;;
o;;appointment;;
o;;appointmente;;
o;;appointments;;
o;;appointmentes;;
o;;visite;;
o;;visites;;
o;;consulter;;
o;;consultère;;
o;;consulters;;
o;;consultères;;
o;;examen orthodontique;;
o;;examens orthodontiques;;
o;;contrôle;;
o;;suivi;;
o;;suivie;;
o;;suivis;;
o;;suivies;;
o;;follow-up;;
o;;monitoring;;
o;;monitoringue;;
o;;monitorings;;
o;;monitoringues;;
o;;surveiller;;
o;;surveillère;;
o;;surveillers;;
o;;surveillères;;
o;;visite de contrôle;;
o;;visites des contrôles;;
o;;débandage;;
o;;bracket décollé;;
o;;brackets décollés;;
o;;bague qui tombe;;
o;;bagues quis tombes;;
o;;loose bracket;;
o;;looses brackets;;
o;;attache décollée;;
o;;attaches décollées;;
o;;fil qui pique;;
o;;fil qui blesse;;
o;;fils quis blesses;;
o;;wire poking;;
o;;irritation;;
o;;irritationne;;
o;;irritations;;
o;;irritationnes;;
o;;fil saillant;;
o;;fils saillants;;
o;;fil qui dépasse;;
o;;fils quis dépasses;;
o;;urgence;;
o;;urgence orthodontique;;
o;;urgences orthodontiques;;
o;;emergency;;
o;;emergencys;;
o;;problème;;
o;;problèmes;;
o;;urgent;;
o;;urgente;;
o;;urgents;;
o;;urgentes;;
o;;cas urgent;;
o;;cas urgents;;
o;;prognathie;;
o;;avancée;;
o;;avancées;;
o;;en avant;;
o;;ens avants;;
o;;projection;;
o;;projectionne;;
o;;projections;;
o;;projectionnes;;
o;;rétrognathie;;
o;;en arrière;;
o;;ens arrières;;
o;;reculée;;
o;;reculées;;
o;;rétrognathe;;
o;;rétrognathes;;
o;;rétroposition;;
o;;rétropositionne;;
o;;rétropositions;;
o;;rétropositionnes;;
o;;avancement excessif;;
o;;avancements excessifs;;
o;;projection en avant;;
o;;projections ens avants;;
o;;proclusion;;
o;;proclusionne;;
o;;proclusions;;
o;;proclusionnes;;
o;;rétrusion;;
o;;NiTi;;
o;;nitinol;;
o;;nitinole;;
o;;nitinols;;
o;;nitinoles;;
o;;nickel-titane;;
o;;nickel-titanes;;
o;;superélastique;;
o;;superélastiques;;
o;;fil NiTi;;
o;;fils NiTis;;
o;;fil thermoactif;;
o;;fils thermoactifs;;
o;;métal;;
o;;acier;;
o;;acière;;
o;;aciers;;
o;;acières;;
o;;steel;;
o;;steelle;;
o;;steels;;
o;;steelles;;
o;;titanium;;
o;;titaniume;;
o;;titaniums;;
o;;titaniumes;;
o;;titane;;
o;;titanes;;
o;;métallique;;
o;;métalliques;;
o;;métal inoxydable;;
o;;métaux inoxydables;;
o;;composite;;
o;;résine composite;;
o;;résines composites;;
o;;resin composite;;
o;;resins composites;;
o;;restauration en composite;;
o;;restaurations ens composites;;
o;;spacing;;
