fr;cn;ar;th;ro;pl;pt;ja;it;es;de;en
Combien de patients avec niti enfants ?;;;;;;;いくら より 患者 と ニティ enfants ?;;;;how many of patients with niti enfants ?
avec ddm ?;;;;;;;と しょうこうドットエム ?;;;;with ddm ?
femmes ?;;;;;;;女性 ?;;;;women ?
Combien de patients hommes avec classe iii squelettique ?;;;;;;;いくら より 患者 男性 と クラスIII 骨格 ?;;;;how many of patients men with class iii skeletal ?
femmes ?;;;;;;;女性 ?;;;;women ?
femmes ?;;;;;;;女性 ?;;;;women ?
avec empreinte ?;;;;;;;と フットプリント ?;;;;with footprint ?
avec dentition temporaire enfants ?;;;;;;;と 仮歯列 enfants ?;;;;with temporary dentition enfants ?
Nombre de patients enfants ?;;;;;;;Nombre より 患者 enfants ?;;;;Nombre of patients enfants ?
de plus de 3.4689999999999994 ans avec béance hommes ?;;;;;;;より もっと見る より 3.4689999999999994 年 と がらんどう 男性 ?;;;;of more of 3.4689999999999994 years with hollowness men ?
Combien de patients avec ressaut articulaire avec spacing enfants ?;;;;;;;いくら より 患者 と 関節突出部 と スペーシング enfants ?;;;;how many of patients with joint protrusion with spacing enfants ?
femmes ?;;;;;;;女性 ?;;;;women ?
hommes avec luxation ?;;;;;;;男性 と 転位 ?;;;;men with dislocation ?
avec béance femmes enfants ?;;;;;;;と がらんどう 女性 enfants ?;;;;with hollowness women enfants ?
Combien de patients avec arthrose nocturne ?;;;;;;;いくら より 患者 と 骨関節炎 夜 ?;;;;how many of patients with osteoarthritis night ?
de plus de 14.780000000000001 ans hommes ?;;;;;;;より もっと見る より 14.780000000000001 年 男性 ?;;;;of more of 14.780000000000001 years men ?
avec urgence ?;;;;;;;と 緊急 ?;;;;with emergency ?
de moins de 22.224 ans femmes avec plaque papillon ?;;;;;;;より 未満 22.224 年 女性 と バタフライプレート ?;;;;of less than 22.224 years women with butterfly plate ?
avec béance de moins de 21.44 ans hommes ?;;;;;;;と がらんどう より 未満 21.44 年 男性 ?;;;;with hollowness of less than 21.44 years men ?
femmes avec bruxisme ?;;;;;;;女性 と 歯ぎしり ?;;;;women with bruxism ?
de moins de 14.425 ans avec empreinte hommes avec béance ?;;;;;;;より 未満 14.425 年 と フットプリント 男性 と がらんどう ?;;;;of less than 14.425 years with footprint men with hollowness ?
Combien de patients avec transposition modéré|diurne adultes avec bruxisme femmes ?;;;;;;;いくら より 患者 と 転置 控えめ|昼行性 大人 と 歯ぎしり 女性 ?;;;;how many of patients with transposition moderate|diurnal adults with bruxism women ?
de moins de 17.583 ans avec translation hommes ?;;;;;;;より 未満 17.583 年 と 翻訳 男性 ?;;;;of less than 17.583 years with translation men ?
Nombre de patients avec plaque amovible ?;;;;;;;Nombre より 患者 と 取り外し可能なプレート ?;;;;Nombre of patients with removable plate ?
Nombre de patients de moins de 14.459 ans femmes avec stripping ?;;;;;;;Nombre より 患者 より 未満 14.459 年 女性 と ストリップ ?;;;;Nombre of patients of less than 14.459 years women with stripping ?
hommes avec bruxisme ?;;;;;;;男性 と 歯ぎしり ?;;;;men with bruxism ?
Combien de patients avec bruxisme de plus de 5.414999999999999 ans ?;;;;;;;いくら より 患者 と 歯ぎしり より もっと見る より 5.414999999999999 年 ?;;;;how many of patients with bruxism of more of 5.414999999999999 years ?
de plus de 9.273 ans ?;;;;;;;より もっと見る より 9.273 年 ?;;;;of more of 9.273 years ?
enfants ?;;;;;;;;;;;
de moins de 22.168 ans hommes avec débandage ?;;;;;;;より 未満 22.168 年 男性 と 拡散 ?;;;;of less than 22.168 years men with spreading ?
de moins de 27.613 ans femmes ?;;;;;;;より 未満 27.613 年 女性 ?;;;;of less than 27.613 years women ?
Nombre de patients avec plaque éventail avec classe ii squelettique enfants ?;;;;;;;Nombre より 患者 と ファンプレート と クラスIIの骨格 enfants ?;;;;Nombre of patients with fan plate with class ii skeletal enfants ?
adultes avec infraclusion ?;;;;;;;大人 と おとり捜査 ?;;;;adults with undercover ?
femmes de moins de 16.488 ans ?;;;;;;;女性 より 未満 16.488 年 ?;;;;women of less than 16.488 years ?
avec caries dentaires enfants ?;;;;;;;と う蝕 enfants ?;;;;with dental caries enfants ?
Nombre de patients femmes de plus de 5.4079999999999995 ans avec occlusion inversée ?;;;;;;;Nombre より 患者 女性 より もっと見る より 5.4079999999999995 年 と リバースバイト ?;;;;Nombre of patients women of more of 5.4079999999999995 years with reverse bite ?
hommes ?;;;;;;;男性 ?;;;;men ?
avec bruxisme avec pendulum de moins de 21.723 ans ?;;;;;;;と 歯ぎしり と 振り子 より 未満 21.723 年 ?;;;;with bruxism with pendulum of less than 21.723 years ?
avec latérodéviation avec protrusion gauche|mandibulaire enfants ?;;;;;;;と 後ずれ と 突出 左|下顎骨 enfants ?;;;;with latero-deviation with protrusion left|mandibular enfants ?
avec nécrose pulpaire unilatérale de plus de 7.651999999999999 ans ?;;;;;;;と 歯髄壊死 一方的 より もっと見る より 7.651999999999999 年 ?;;;;with pulpal necrosis unilateral of more of 7.651999999999999 years ?
Combien de patients hommes avec déviation mandibulaire ?;;;;;;;いくら より 患者 男性 と 下顎偏位 ?;;;;how many of patients men with mandibular deviation ?
femmes avec distalisation ?;;;;;;;女性 と ディスタリゼーション ?;;;;women with distalization ?
de moins de 16.147 ans ?;;;;;;;より 未満 16.147 年 ?;;;;of less than 16.147 years ?
avec fil qui pique avec ectopie avec version ?;;;;;;;と 痒い糸 と エクトピー と バージョン ?;;;;with itchy thread with ectopy with version ?
Nombre de patients de moins de 13.803 ans avec mastication modéré|nocturne avec bruxisme ?;;;;;;;Nombre より 患者 より 未満 13.803 年 と 咀嚼 控えめ|夜 と 歯ぎしり ?;;;;Nombre of patients of less than 13.803 years with chewing moderate|night with bruxism ?
avec céramique femmes de plus de 11.728000000000002 ans ?;;;;;;;と セラミックス 女性 より もっと見る より 11.728000000000002 年 ?;;;;with ceramics women of more of 11.728000000000002 years ?
Combien de patients de moins de 20.787 ans ?;;;;;;;いくら より 患者 より 未満 20.787 年 ?;;;;how many of patients of less than 20.787 years ?
femmes ?;;;;;;;女性 ?;;;;women ?
Combien de patients de plus de 14.603000000000002 ans ?;;;;;;;いくら より 患者 より もっと見る より 14.603000000000002 年 ?;;;;how many of patients of more of 14.603000000000002 years ?
avec béance hommes ?;;;;;;;と がらんどう 男性 ?;;;;with hollowness men ?
de moins de 19.417 ans avec classe i squelettique ?;;;;;;;より 未満 19.417 年 と クラスI骨格 ?;;;;of less than 19.417 years with class i skeletal ?
avec occlusion inversée hommes ?;;;;;;;と リバースバイト 男性 ?;;;;with reverse bite men ?
avec gingivite hommes ?;;;;;;;と 歯肉炎 男性 ?;;;;with gingivitis men ?
Nombre de patients femmes avec béance gauche ?;;;;;;;Nombre より 患者 女性 と がらんどう 左 ?;;;;Nombre of patients women with hollowness left ?
Combien de patients avec ressaut articulaire ?;;;;;;;いくら より 患者 と 関節突出部 ?;;;;how many of patients with joint protrusion ?
Nombre de patients avec béance femmes ?;;;;;;;Nombre より 患者 と がらんどう 女性 ?;;;;Nombre of patients with hollowness women ?
hommes ?;;;;;;;男性 ?;;;;men ?
de moins de 20.788 ans avec micrognathie avec béance latérale|gauche|modérée ?;;;;;;;より 未満 20.788 年 と 小顎症 と がらんどう 側面|左|控えめ ?;;;;of less than 20.788 years with micrognathia with hollowness lateral|left|moderate ?
de plus de 16.614 ans hommes avec béance ?;;;;;;;より もっと見る より 16.614 年 男性 と がらんどう ?;;;;of more of 16.614 years men with hollowness ?
femmes avec béance ?;;;;;;;女性 と がらんどう ?;;;;women with hollowness ?
Nombre de patients avec ostéotomie unilatérale|modérée avec classe iii d'angle enfants avec molaire ?;;;;;;;Nombre より 患者 と 骨切り 一方的|控えめ と アングル・クラスIII enfants と 大臼歯 ?;;;;Nombre of patients with osteotomy unilateral|moderate with angle class iii enfants with molar ?
de plus de 5.109999999999999 ans femmes avec béance avec interposition linguale ?;;;;;;;より もっと見る より 5.109999999999999 年 女性 と がらんどう と 舌側 ?;;;;of more of 5.109999999999999 years women with hollowness with lingual interposition ?
femmes ?;;;;;;;女性 ?;;;;women ?
hommes avec bruxisme diurne avec interposition linguale enfants ?;;;;;;;男性 と 歯ぎしり 昼行性 と 舌側 enfants ?;;;;men with bruxism diurnal with lingual interposition enfants ?
Nombre de patients avec bruxisme hommes de plus de 10.195 ans ?;;;;;;;Nombre より 患者 と 歯ぎしり 男性 より もっと見る より 10.195 年 ?;;;;Nombre of patients with bruxism men of more of 10.195 years ?
avec infraclusion adultes avec béance avec classe i d'angle ?;;;;;;;と おとり捜査 大人 と がらんどう と アングル・クラス I ?;;;;with undercover adults with hollowness with angle class i ?
avec ef de plus de 10.405 ans ?;;;;;;;と もし より もっと見る より 10.405 年 ?;;;;with ef of more of 10.405 years ?
hommes ?;;;;;;;男性 ?;;;;men ?
Nombre de patients avec béance sévère ?;;;;;;;Nombre より 患者 と がらんどう 厳しい ?;;;;Nombre of patients with hollowness severe ?
Nombre de patients avec ankylose femmes de plus de 4.558 ans ?;;;;;;;Nombre より 患者 と アンキローシス 女性 より もっと見る より 4.558 年 ?;;;;Nombre of patients with ankylosis women of more of 4.558 years ?
de moins de 22.191 ans avec béance avec bielles ?;;;;;;;より 未満 22.191 年 と がらんどう と コネクティングロッド ?;;;;of less than 22.191 years with hollowness with connecting rods ?
Combien de patients avec douleur infectieuse enfants ?;;;;;;;いくら より 患者 と 痛み 感染性 enfants ?;;;;how many of patients with pain infectious enfants ?
avec traitement interceptif avec déviation mandibulaire hommes de moins de 20.380000000000003 ans ?;;;;;;;と インターセプティブ治療 と 下顎偏位 男性 より 未満 20.380000000000003 年 ?;;;;with interceptive treatment with mandibular deviation men of less than 20.380000000000003 years ?
Combien de patients avec bruxisme de moins de 10 ans ?;;;;;;;いくら より 患者 と 歯ぎしり より 未満 10 年 ?;;;;how many of patients with bruxism of less than 10 years ?
avec luxation méniscale hommes ?;;;;;;;と 半月板脱臼 男性 ?;;;;with meniscal dislocation men ?
femmes avec béance ?;;;;;;;女性 と がらんどう ?;;;;women with hollowness ?
Nombre de patients de plus de 12.959 ans avec béance hommes ?;;;;;;;Nombre より 患者 より もっと見る より 12.959 年 と がらんどう 男性 ?;;;;Nombre of patients of more of 12.959 years with hollowness men ?
Nombre de patients avec béance avec caries dentaires ?;;;;;;;Nombre より 患者 と がらんどう と う蝕 ?;;;;Nombre of patients with hollowness with dental caries ?
avec élastiques intermaxillaires femmes ?;;;;;;;と 顎間ゴム 女性 ?;;;;with intermaxillary elastics women ?
hommes avec bruxisme ?;;;;;;;男性 と 歯ぎしり ?;;;;men with bruxism ?
Nombre de patients avec plaque papillon ?;;;;;;;Nombre より 患者 と バタフライプレート ?;;;;Nombre of patients with butterfly plate ?
avec bruxisme femmes ?;;;;;;;と 歯ぎしり 女性 ?;;;;with bruxism women ?
avec occlusion inversée femmes ?;;;;;;;と リバースバイト 女性 ?;;;;with reverse bite women ?
Combien de patients avec claquement articulaire avec béance de plus de 8.561 ans ?;;;;;;;いくら より 患者 と ジョイントスナップ と がらんどう より もっと見る より 8.561 年 ?;;;;how many of patients with joint snap with hollowness of more of 8.561 years ?
de plus de 10.845 ans ?;;;;;;;より もっと見る より 10.845 年 ?;;;;of more of 10.845 years ?
adultes ?;;;;;;;大人 ?;;;;adults ?
avec infraclusion postérieure|sévère ?;;;;;;;と おとり捜査 後|厳しい ?;;;;with undercover posterior|severe ?
avec bruxisme sévère|antérieure de moins de 19.523 ans ?;;;;;;;と 歯ぎしり 厳しい|前 より 未満 19.523 年 ?;;;;with bruxism severe|previous of less than 19.523 years ?
avec débandage femmes ?;;;;;;;と 拡散 女性 ?;;;;with spreading women ?
Nombre de patients de moins de 18.164 ans ?;;;;;;;Nombre より 患者 より 未満 18.164 年 ?;;;;Nombre of patients of less than 18.164 years ?
adultes hommes ?;;;;;;;大人 男性 ?;;;;adults men ?
Nombre de patients enfants avec céphalométrie ?;;;;;;;Nombre より 患者 enfants と 頭囲測定 ?;;;;Nombre of patients enfants with cephalometry ?
avec béance latérale|postérieure avec dentition mixte ?;;;;;;;と がらんどう 側面|後 と 混合歯列 ?;;;;with hollowness lateral|posterior with mixed dentition ?
femmes de plus de 1 ans ?;;;;;;;女性 より もっと見る より 1 年 ?;;;;women of more of 1 years ?
adultes avec bruxisme avec béance modéré|diurne ?;;;;;;;大人 と 歯ぎしり と がらんどう 控えめ|昼行性 ?;;;;adults with bruxism with hollowness moderate|diurnal ?
avec bruxisme modéré femmes ?;;;;;;;と 歯ぎしり 控えめ 女性 ?;;;;with bruxism moderate women ?
avec déglutition de plus de 13.489 ans ?;;;;;;;と 呑み込み より もっと見る より 13.489 年 ?;;;;with swallowing of more of 13.489 years ?
Nombre de patients hommes ?;;;;;;;Nombre より 患者 男性 ?;;;;Nombre of patients men ?
