# Glossaire multilingue Kitview - Référentiel central de traductions. Types : c=courant, t=tag, a=adjectif 28/12/25 8:20;;;;;;;;;;;;
type;fr;en;de;es;it;ja;pt;pl;ro;th;ar;cn
c;aussi;also;;;;また;;;;;;
c;aux;at;;;;で;;;;;;
c;avec;with;;;;と;;;;;;
c;comme;as;;;;として;;;;;;
c;dans;in;;;;で;;;;;;
c;de;of;;;;より;;;;;;
c;des;some;;;;より;;;;;;
c;et;and;;;;そして;;;;;;
c;la;the;;;;その;;;;;;
c;le;the;;;;その;;;;;;
c;les;the;;;;その;;;;;;
c;moins;less;;;;少ない;;;;;;
c;ne;not;;;;する;;;;;;
c;ont;have;;;;持つ;;;;;;
c;ou;or;;;;または;;;;;;
c;pas;not;;;;ない;;;;;;
c;plus;more;;;;もっと見る;;;;;;
c;pour;for;;;;にとって;;;;;;
c;que;that;;;;その;;;;;;
c;qui;who;;;;どの;;;;;;
c;sans;without;;;;なし;;;;;;
c;sont;are;;;;は;;;;;;
c;sur;on;;;;オン;;;;;;
c;tous;all;;;;すべて;;;;;;
c;toutes;all;;;;すべて;;;;;;
c;très;very;;;;とても;;;;;;
c;un;a;;;;a;;;;;;
c;une;a;;;;a;;;;;;
c;à;to;;;;à;;;;;;
c;adulte;adult;;;;大人;;;;;;
c;affiche;display;;;;ポスター;;;;;;
c;ans;years;;;;年;;;;;;
c;après;after;;;;その後;;;;;;
c;avant;before;;;;以前;;;;;;
c;cherche;search;;;;求める;;;;;;
c;combien;how many;;;;いくら;;;;;;
c;donne;give;;;;与える;;;;;;
c;enfant;child;;;;子供;;;;;;
c;entre;between;;;;間;;;;;;
c;femme;woman;;;;女性;;;;;;
c;fille;girl;;;;娘;;;;;;
c;garçon;boy;;;;少年;;;;;;
c;homme;man;;;;男性;;;;;;
c;jeune;young;;;;若い;;;;;;
c;liste;list;;;;リスト;;;;;;
c;mois;months;;;;月;;;;;;
c;montre;show;;;;時計;;;;;;
c;patient;patient;;;;辛抱強い;;;;;;
c;patients;patients;;;;患者;;;;;;
c;trouve;find;;;;見つける;;;;;;
c;vieux;old;;;;オールド;;;;;;
c;âge;age;;;;年齢;;;;;;
c;âgé;aged;;;;年配;;;;;;
o;++;++;;;;++;;;;;;
o;3d;3d;;;;3d;;;;;;
o;4 helix;4 helix;;;;4ヘリックス;;;;;;
o;absence de dent;absence of teeth;;;;無歯;;;;;;
o;absence de dents;lack of teeth;;;;歯がない;;;;;;
o;absences des dents;missing teeth;;;;歯抜け;;;;;;
o;acier;steel;;;;スチール;;;;;;
o;aciers;steels;;;;鋼;;;;;;
o;acière;acière;;;;アシエール;;;;;;
o;acières;acières;;;;アシエール;;;;;;
o;acte de déglutition;swallowing act;;;;嚥下行為;;;;;;
o;actes des déglutitions;swallowing acts;;;;嚥下行為;;;;;;
o;activateur;activator;;;;アクティベーター;;;;;;
o;activateur de classe ii;class ii activator;;;;クラスIIアクティベーター;;;;;;
o;activateur orthodontique;orthodontic activator;;;;歯列矯正アクチベーター;;;;;;
o;activateurs orthodontiques;orthodontic activators;;;;歯列矯正用アクチベーター;;;;;;
o;agenesie;agenesie;;;;アジェネジー;;;;;;
o;agenesies;agenesies;;;;競技;;;;;;
o;agénésie;agenesis;;;;発生;;;;;;
o;alginate;alginate;;;;アルギン酸塩;;;;;;
o;alginates;alginates;;;;アルギン酸塩;;;;;;
o;alignement;alignment;;;;アライメント;;;;;;
o;alignement dentaire;dental alignment;;;;歯並び;;;;;;
o;alignement des dents;tooth alignment;;;;歯並び;;;;;;
o;alignements dentaires;dental alignments;;;;デンタル・アライメント;;;;;;
o;alignements des dents;tooth alignments;;;;歯並び;;;;;;
o;aligneur;aligner;;;;アライナー;;;;;;
o;aligneur invisible;invisible aligner;;;;インビジブル・アライナー;;;;;;
o;aligneurs;aligners;;;;アライナー;;;;;;
o;aligneurs invisibles;invisible aligners;;;;見えないアライナー;;;;;;
o;aligneuse;aligner;;;;アライナー;;;;;;
o;aligneuses;aligners;;;;アライナー;;;;;;
o;amovible;removable;;;;リムーバブル;;;;;;
o;amovibles;removable;;;;リムーバブル;;;;;;
o;analyse de wits;analysis of wits;;;;ウィッツ分析;;;;;;
o;analyse wits;wits analysis;;;;ウィッツ分析;;;;;;
o;anb;anb;;;;エーエヌビー;;;;;;
o;ancrage osseux;bone anchoring;;;;ボーン・アンカーリング;;;;;;
o;ancrage squelettique;skeletal anchoring;;;;骨格アンカー;;;;;;
o;ancrages osseux;bone anchors;;;;ボーンアンカー;;;;;;
o;ancrages squelettiques;skeletal anchors;;;;骨格アンカー;;;;;;
o;angle anb;angle anb;;;;角度 ANB;;;;;;
o;angle sna;sna angle;;;;SNA角度;;;;;;
o;angle snb;snb angle;;;;SNB角度;;;;;;
o;angle squelettique;skeletal angle;;;;骨格角;;;;;;
o;angulation radiculaire;root angulation;;;;ルート角;;;;;;
o;angulations radiculaires;root angulations;;;;根の角度;;;;;;
o;ankilose;ankilose;;;;アンキローゼ;;;;;;
o;ankiloses;ankiloses;;;;アンキローゼ;;;;;;
o;ankylose;ankylosis;;;;アンキローシス;;;;;;
o;anneau séparateur;spacer ring;;;;スペーサーリング;;;;;;
o;anneaux séparateurs;separator rings;;;;セパレーターリング;;;;;;
o;anodontie;anodontics;;;;歯列矯正学;;;;;;
o;anodonties;anodonties;;;;アノドンティーズ;;;;;;
o;anomalie alvéolaire;alveolar anomaly;;;;肺胞異常;;;;;;
o;anomalie basale;basal abnormality;;;;基底異常;;;;;;
o;anomalie congénitale;congenital anomaly;;;;先天異常;;;;;;
o;anomalie de développement;developmental anomaly;;;;発達異常;;;;;;
o;anomalies alvéolaires;alveolar anomalies;;;;歯槽膿漏;;;;;;
o;anomalies basales;basal abnormalities;;;;基底異常;;;;;;
o;anomalies congénitales;birth defects;;;;せんてんてきしょうがい;;;;;;
o;anomalies des développements;development anomalies;;;;開発異常;;;;;;
o;antérieur;previous;;;;前;;;;;;
o;antérieurs;previous;;;;前;;;;;;
o;antérieuse;previous;;;;前;;;;;;
o;antérieuses;previous;;;;前;;;;;;
o;ao-bo;ao-bo;;;;AO-BO;;;;;;
o;ao-bos;ao-bos;;;;AO-BOs;;;;;;
o;apnée du sommeil;sleep apnea;;;;睡眠時無呼吸症候群;;;;;;
o;appareil amovible;removable appliance;;;;リムーバブル・アプライアンス;;;;;;
o;appareil amovible fonctionnel;functional removable appliance;;;;機能的な取り外し可能アプライアンス;;;;;;
o;appareil amovible transparent;removable transparent device;;;;取り外し可能な透明装置;;;;;;
o;appareil d'activation;activation device;;;;起動装置;;;;;;
o;appareil d'expansion;expansion device;;;;拡張装置;;;;;;
o;appareil d'expansion palatine;palatal expansion device;;;;口蓋拡張装置;;;;;;
o;appareil de contention;restraint device;;;;拘束装置;;;;;;
o;appareil de herbst;appliance from herbst;;;;ハーベスト装置;;;;;;
o;appareil dentaire;dental appliance;;;;歯科器具;;;;;;
o;appareil fonctionnel;functional device;;;;機能デバイス;;;;;;
o;appareil mainteneur d'espace;space maintainer;;;;スペースメンテナー;;;;;;
o;appareil multi-attaches;multi-attachment device;;;;マルチアタッチメント;;;;;;
o;appareil orthodontique;orthodontic appliance;;;;歯列矯正装置;;;;;;
o;appareil pendulum;pendulum device;;;;振り子装置;;;;;;
o;appareils amovibles;removable appliances;;;;リムーバブルデバイス;;;;;;
o;appareils amovibles fonctionnels;functional removable appliances;;;;機能的な取り外し可能器具;;;;;;
o;appareils amovibles transparents;transparent removable devices;;;;透明リムーバブルデバイス;;;;;;
o;appareils d'activations;activation devices;;;;起動装置;;;;;;
o;appareils d'expansions;expansion devices;;;;拡張デバイス;;;;;;
o;appareils d'expansions palatines;palatal expansion devices;;;;口蓋拡張装置;;;;;;
o;appareils dentaires;dental braces;;;;歯列矯正;;;;;;
o;appareils des contentions;restraint equipment;;;;拘束装置;;;;;;
o;appareils des herbsts;herbsts appliances;;;;ハーブ家電;;;;;;
o;appareils fonctionnels;functional devices;;;;機能デバイス;;;;;;
o;appareils mainteneurs d'espaces;space maintainers;;;;スペースメンテナーズ;;;;;;
o;appareils multi-attaches;multi-attachment devices;;;;マルチアタッチメント;;;;;;
o;appareils orthodontiques;orthodontic appliances;;;;矯正装置;;;;;;
o;appareils pendulums;pendulum devices;;;;振り子装置;;;;;;
o;appointment;appointment;;;;アポイントメント;;;;;;
o;appointmente;appointment;;;;アポイントメント;;;;;;
o;appointmentes;appointment;;;;アポイントメント;;;;;;
o;appointments;appointments;;;;アポイントメント;;;;;;
o;appraisal de wits;wits fertilizer;;;;ウィッツ肥料;;;;;;
o;arc;arc;;;;円弧;;;;;;
o;arc dentaire;dental arch;;;;歯列弓;;;;;;
o;arc orthodontique;orthodontic arch;;;;歯列矯正アーチ;;;;;;
o;arcade;arcade;;;;アーケード;;;;;;
o;arcade dentaire;dental arch;;;;歯列弓;;;;;;
o;arcades dentaires;dental arches;;;;デンタルアーチ;;;;;;
o;archwire;archwire;;;;アーチワイヤー;;;;;;
o;arcs dentaires;dental arches;;;;デンタルアーチ;;;;;;
o;arcs orthodontiques;orthodontic archwires;;;;矯正用アーチワイヤー;;;;;;
o;arrachage dentaire;dental extraction;;;;抜歯;;;;;;
o;arrachages dentaires;dental extraction;;;;抜歯;;;;;;
o;arrière;rear;;;;リア;;;;;;
o;arrières;back;;;;バック;;;;;;
o;arthrite;arthritis;;;;関節炎;;;;;;
o;arthropathie dégénérative;degenerative arthropathy;;;;変性関節症;;;;;;
o;arthropathie inflammatoire;inflammatory arthropathy;;;;炎症性関節症;;;;;;
o;arthropathies dégénératives;degenerative arthropathies;;;;変性関節症;;;;;;
o;arthropathies inflammatoires;inflammatory arthropathies;;;;炎症性関節症;;;;;;
o;arthrose;osteoarthritis;;;;骨関節炎;;;;;;
o;articulation;joint;;;;ジョイント;;;;;;
o;articulation temporo-mandibulaire;temporomandibular joint;;;;顎関節;;;;;;
o;articulationne;joint;;;;ジョイント;;;;;;
o;articulationnes;articulation;;;;アーティキュレーション;;;;;;
o;articulations;joints;;;;継ぎ目;;;;;;
o;articulations temporo-mandibulaires;temporomandibular joints;;;;顎関節;;;;;;
o;articulé croisé;articulated cross;;;;アーティキュレーテッド・クロス;;;;;;
o;articulé inversé;inverted hinge;;;;逆ヒンジ;;;;;;
o;articulés croisés;cross-hinged;;;;クロスヒンジ;;;;;;
o;articulés inversés;inverted joints;;;;逆関節;;;;;;
o;asymétrie faciale;facial asymmetry;;;;顔の非対称性;;;;;;
o;asymétrie mandibulaire;mandibular asymmetry;;;;下顎非対称;;;;;;
o;asymétrie maxillaire;maxillary asymmetry;;;;上顎非対称;;;;;;
o;asymétries mandibulaires;mandibular asymmetries;;;;下顎非対称;;;;;;
o;asymétries maxillaires;jaw asymmetries;;;;顎の非対称性;;;;;;
o;asymétrique;asymmetrical;;;;非対称;;;;;;
o;asymétriques;asymmetric;;;;非対称;;;;;;
o;atm;atm;;;;ATM;;;;;;
o;attache;attachment;;;;添付ファイル;;;;;;
o;attache décollée;detached fastener;;;;脱着式ファスナー;;;;;;
o;attaches;fasteners;;;;ファスナー;;;;;;
o;attaches céramiques;ceramic fasteners;;;;セラミック・ファスナー;;;;;;
o;attaches décollées;loose fasteners;;;;緩み止め;;;;;;
o;attaches orthodontiques;orthodontic brackets;;;;歯列矯正ブラケット;;;;;;
o;attachesse;attachment;;;;添付ファイル;;;;;;
o;attachesses;attachesses;;;;付属品;;;;;;
o;atypique;atypical;;;;非定型;;;;;;
o;atypiques;atypical;;;;非定型;;;;;;
o;avaler;swallow;;;;飲み下す;;;;;;
o;avalers;avalers;;;;紳士淑女;;;;;;
o;avalère;downstream;;;;ダウンストリーム;;;;;;
o;avalères;downstream;;;;ダウンストリーム;;;;;;
o;avancement;advancement;;;;昇格;;;;;;
o;avancement excessif;excessive advancement;;;;過度の前進;;;;;;
o;avancemente;progress;;;;進歩;;;;;;
o;avancementes;advances;;;;進歩;;;;;;
o;avancements;advances;;;;進歩;;;;;;
o;avancements excessifs;excessive advances;;;;過剰な前借り;;;;;;
o;avancée;advance;;;;前進;;;;;;
o;avancées;advances;;;;進歩;;;;;;
o;avante;forward;;;;前方;;;;;;
o;avantes;front;;;;フロント;;;;;;
o;avants;front;;;;フロント;;;;;;
o;avec diastèmes;with diastemas;;;;拡張子あり;;;;;;
o;avec encombrement;with footprint;;;;フットプリント付き;;;;;;
o;avec espaces;with spaces;;;;スペース付き;;;;;;
o;avecs diastèmes;with diastemas;;;;拡張子あり;;;;;;
o;avecs encombrements;with congestion;;;;輻輳;;;;;;
o;avecs espaces;with spaces;;;;スペース付き;;;;;;
o;avulsion;avulsion;;;;剥離;;;;;;
o;bactérien;bacterial;;;;バクテリア;;;;;;
o;bactérienne;bacterial;;;;バクテリア;;;;;;
o;bactériennes;bacterial;;;;バクテリア;;;;;;
o;bactériens;bacterial;;;;バクテリア;;;;;;
o;bague et anse;ring and handle;;;;リングとハンドル;;;;;;
o;bague qui tombe;falling ring;;;;落下リング;;;;;;
o;bagues;rings;;;;リング;;;;;;
o;bagues ets anses;rings and handles;;;;リングとハンドル;;;;;;
o;bagues quis tombes;rings that have fallen;;;;落ちたリング;;;;;;
o;bascule;scale;;;;スケール;;;;;;
o;basculement;changeover;;;;チェンジオーバー;;;;;;
o;basculemente;basculemente;;;;バスク;;;;;;
o;basculementes;tilting;;;;ティルティング;;;;;;
o;basculements;tilts;;;;ティルト;;;;;;
o;bascules;scales;;;;体重計;;;;;;
o;beance;beance;;;;ビーンス;;;;;;
o;beances;beances;;;;俤;;;;;;
o;bicuspide;bicuspid;;;;そうぼう;;;;;;
o;bicuspides;bicuspids;;;;そうぼう;;;;;;
o;bielle;connecting rod;;;;コネクティングロッド;;;;;;
o;bielle de herbst;herbst connecting rod;;;;ハーベストコネクティングロッド;;;;;;
o;bielles;connecting rods;;;;コネクティングロッド;;;;;;
o;bielles des herbsts;herbsts rods;;;;ハーブロッド;;;;;;
o;bodily movement;bodily movement;;;;たいどう;;;;;;
o;bodilys movements;bodily movements;;;;身のこなし;;;;;;
o;bouche ouverte;open mouth;;;;かいこう;;;;;;
o;bouches ouvertes;open mouths;;;;口をあける;;;;;;
o;boîtiers orthodontiques;orthodontic braces;;;;歯列矯正;;;;;;
o;braces;braces;;;;中括弧;;;;;;
o;bracesse;bracesse;;;;中括弧;;;;;;
o;bracesses;bracesses;;;;腕輪;;;;;;
o;bracket;bracket;;;;ブラケット;;;;;;
o;bracket décollé;detached bracket;;;;取り外し可能なブラケット;;;;;;
o;brackets;brackets;;;;括弧;;;;;;
o;brackets céramiques;ceramic brackets;;;;セラミックブラケット;;;;;;
o;brackets décollés;loose brackets;;;;ルーズブラケット;;;;;;
o;bracketsse;bracketsse;;;;ブラケット;;;;;;
o;bracketsses;bracketsses;;;;括弧;;;;;;
o;brackète;brackets;;;;括弧;;;;;;
o;brackètes;brackets;;;;括弧;;;;;;
o;broches;pins;;;;ピンズ;;;;;;
o;brochesse;brochesse;;;;ブローシュ;;;;;;
o;brochesses;brochesses;;;;ブリュッセル;;;;;;
o;brossage;brushing;;;;ブラッシング;;;;;;
o;brossages;brushing;;;;ブラッシング;;;;;;
o;bruxisme;bruxism;;;;歯ぎしり;;;;;;
o;bruxomanie;bruxism;;;;歯軋り;;;;;;
o;bruxomanies;bruxism;;;;歯軋り;;;;;;
o;béance;hollowness;;;;がらんどう;;;;;;
o;béance dentaire;open bite;;;;オープンバイト;;;;;;
o;béance par interposition;gap by interposition;;;;間隙;;;;;;
o;béances dentaires;gaps in the teeth;;;;歯の隙間;;;;;;
o;béances pars interpositions;gaps through interpositions;;;;間隙を縫って;;;;;;
o;bénigne;benign;;;;良性;;;;;;
o;bénignes;benign;;;;良性;;;;;;
o;bénin;benin;;;;ベナン;;;;;;
o;bénins;benign;;;;良性;;;;;;
o;canine;canine;;;;イヌ;;;;;;
o;carie;caries;;;;齲蝕;;;;;;
o;caries;cavities;;;;空洞;;;;;;
o;caries dentaires;dental caries;;;;う蝕;;;;;;
o;cas urgent;urgent case;;;;急患;;;;;;
o;cas urgents;urgent cases;;;;急患;;;;;;
o;cavité;cavity;;;;空洞;;;;;;
o;cavitée;cavity;;;;空洞;;;;;;
o;cavitées;cavities;;;;空洞;;;;;;
o;cavités;cavities;;;;空洞;;;;;;
o;cbct;cbct;;;;cbct;;;;;;
o;cbcte;cbcte;;;;CBCTe;;;;;;
o;cbctes;cbctes;;;;CBCTes;;;;;;
o;cbcts;cbcts;;;;CBCT;;;;;;
o;central;central;;;;セントラル;;;;;;
o;centrale;power plant;;;;発電所;;;;;;
o;centrales;power plants;;;;発電所;;;;;;
o;centraux;central;;;;セントラル;;;;;;
o;cephalo;cephalo;;;;セファロ;;;;;;
o;cephalos;cephalos;;;;ケファロス;;;;;;
o;ceramic;ceramic;;;;セラミック;;;;;;
o;ceramics;ceramics;;;;セラミックス;;;;;;
o;ceramique;ceramics;;;;セラミックス;;;;;;
o;ceramiques;ceramics;;;;セラミックス;;;;;;
o;chevauchement;overlap;;;;オーバーラップ;;;;;;
o;chevauchemente;overlaps;;;;オーバーラップ;;;;;;
o;chevauchementes;overlaps;;;;オーバーラップ;;;;;;
o;chevauchements;overlaps;;;;オーバーラップ;;;;;;
o;chewing;chewing;;;;咀嚼;;;;;;
o;chirurgie;surgery;;;;外科手術;;;;;;
o;chirurgie bimaxillaire;bimaxillary surgery;;;;二重顎手術;;;;;;
o;chirurgie des mâchoires;jaw surgery;;;;顎の手術;;;;;;
o;chirurgie mandibulaire;mandibular surgery;;;;下顎手術;;;;;;
o;chirurgie maxillaire;jaw surgery;;;;顎の手術;;;;;;
o;chirurgie maxillo-faciale;maxillo-facial surgery;;;;顎顔面外科;;;;;;
o;chirurgie orthognathique;orthognathic surgery;;;;顎矯正手術;;;;;;
o;chirurgies bimaxillaires;bimaxillary surgery;;;;二重顎手術;;;;;;
o;chirurgies des mâchoires;jaw surgery;;;;顎の手術;;;;;;
o;chirurgies mandibulaires;mandibular surgery;;;;下顎手術;;;;;;
o;chirurgies maxillaires;jaw surgery;;;;顎の手術;;;;;;
o;chirurgies maxillo-faciales;maxillo-facial surgery;;;;顎顔面外科;;;;;;
o;chirurgies orthognathiques;orthognathic surgery;;;;顎矯正手術;;;;;;
o;ci 2 propulseur;ci 2 thruster;;;;ci 2 推進剤;;;;;;
o;ci ii propulseur;ci ii thruster;;;;CI II 推進剤;;;;;;
o;cinquième;fifth;;;;第五;;;;;;
o;cinquièmes;fifth;;;;第五;;;;;;
o;cis iis propulseurs;cis iis thrusters;;;;CI IIs スラスター;;;;;;
o;claquement articulaire;joint snap;;;;ジョイントスナップ;;;;;;
o;claquement atm;atm slam;;;;ATMスラム;;;;;;
o;claquements atms;atm clicks;;;;ATMクリック数;;;;;;
o;classe 1;class 1;;;;クラス1;;;;;;
o;classe 1 dentaire;class 1 dental;;;;クラス1デンタル;;;;;;
o;classe 1 squelettique;class 1 skeletal;;;;1級骨格;;;;;;
o;classe 2;class 2;;;;クラス2;;;;;;
o;classe 2 dentaire;class 2 dental;;;;クラス2デンタル;;;;;;
o;classe 2 propulseur;class 2 thruster;;;;クラス2スラスター;;;;;;
o;classe 2 squelettique;class 2 skeletal;;;;クラス2 骨格;;;;;;
o;classe 3;class 3;;;;クラス3;;;;;;
o;classe 3 dentaire;class 3 dental;;;;クラス3デンタル;;;;;;
o;classe 3 squelettique;class 3 skeletal;;;;クラス3 骨格;;;;;;
o;classe dentaire;dental class;;;;歯科教室;;;;;;
o;classe i;class i;;;;クラスI;;;;;;
o;classe i d'angle;angle class i;;;;アングル・クラス I;;;;;;
o;classe i squelettique;class i skeletal;;;;クラスI骨格;;;;;;
o;classe ii;class ii;;;;クラスII;;;;;;
o;classe ii d'angle;angle class ii;;;;アングル・クラス II;;;;;;
o;classe ii propulseur;class ii thruster;;;;クラスIIエンジン;;;;;;
o;classe ii squelettique;class ii skeletal;;;;クラスIIの骨格;;;;;;
o;classe iii;class iii;;;;クラスIII;;;;;;
o;classe iii d'angle;angle class iii;;;;アングル・クラスIII;;;;;;
o;classe iii squelettique;class iii skeletal;;;;クラスIII 骨格;;;;;;
o;cleaning;cleaning;;;;クリーニング;;;;;;
o;cleanings;cleanings;;;;クリーニング;;;;;;
o;cleaningue;cleaningue;;;;クリーニング;;;;;;
o;cleaningues;cleaning products;;;;クリーニング製品;;;;;;
o;clear aligner;clear align;;;;クリアアライン;;;;;;
o;clears aligners;clears aligners;;;;アライナーをクリア;;;;;;
o;clenching;clenching;;;;食いしばり;;;;;;
o;clicking;clicking;;;;クリック;;;;;;
o;clickings;clickings;;;;かちかち;;;;;;
o;clickingue;click here;;;;ここをクリック;;;;;;
o;clickingues;click here;;;;ここをクリック;;;;;;
o;collé;glued;;;;接着剤付き;;;;;;
o;collée;glued;;;;接着剤付き;;;;;;
o;collées;glued;;;;接着剤付き;;;;;;
o;collés;glued;;;;接着剤付き;;;;;;
o;complet;complete;;;;完全;;;;;;
o;complets;complete;;;;完全;;;;;;
o;complexe;complex;;;;複雑;;;;;;
o;complexes;complexes;;;;コンプレックス;;;;;;
o;complète;complete;;;;完全;;;;;;
o;complètes;complete;;;;完全;;;;;;
o;composite;composite;;;;コンポジット;;;;;;
o;cone beam;cone beam;;;;コーンビーム;;;;;;
o;cone beam ct;cone beam ct;;;;コーンビームCT;;;;;;
o;cones beams;cones beams;;;;コーンビーム;;;;;;
o;cones beams cts;cones beams cts;;;;コーンビーム CT;;;;;;
o;consultation;consultation;;;;協議;;;;;;
o;consulter;visit;;;;訪問;;;;;;
o;consulters;consultants;;;;コンサルタント;;;;;;
o;consultère;consultancy;;;;コンサルタント;;;;;;
o;consultères;consultants;;;;コンサルタント;;;;;;
o;contention;restraint;;;;拘束;;;;;;
o;contrôle;control;;;;コントロール;;;;;;
o;correction;correction;;;;修正;;;;;;
o;correction classe ii;class ii correction;;;;訂正クラスII;;;;;;
o;correctionne;correct;;;;正しい;;;;;;
o;correctionnes;corrected;;;;修正済み;;;;;;
o;corrections;corrections;;;;訂正;;;;;;
o;couple;couple;;;;カップル;;;;;;
o;couples;couples;;;;カップル;;;;;;
o;croc;croc;;;;クロコ;;;;;;
o;crocs;crocs;;;;クロックス;;;;;;
o;croissance;growth;;;;成長;;;;;;
o;croque;crunch;;;;クランチ;;;;;;
o;croquer;crunch;;;;クランチ;;;;;;
o;croquers;croquers;;;;コロッケ;;;;;;
o;croques;croques;;;;クロッキー;;;;;;
o;croquère;croquère;;;;クロケール;;;;;;
o;croquères;croquères;;;;クロケール;;;;;;
o;crossbite;crossbite;;;;クロスバイト;;;;;;
o;crowding;crowding;;;;押し合い;;;;;;
o;crowding dentaire;dental crowding;;;;歯列叢生;;;;;;
o;cuspide;cusp;;;;先端;;;;;;
o;cuspides;cusps;;;;尖頭;;;;;;
o;céphalométrie;cephalometry;;;;頭囲測定;;;;;;
o;céramique;ceramics;;;;セラミックス;;;;;;
o;ddm;ddm;;;;しょうこうドットエム;;;;;;
o;deciduous;deciduous;;;;落葉;;;;;;
o;deciduousse;deciduousse;;;;落葉;;;;;;
o;deciduousses;deciduousses;;;;デュデュデュデュデュデュデュデュデュデュデュデュデュデュデュデュデュデュデュデュデュデュデュデュデュデュデュ;;;;;;
o;deep bite;deep bite;;;;深噛み;;;;;;
o;dent absente;missing tooth;;;;欠損歯;;;;;;
o;dent ankylosée;ankylosed tooth;;;;鉤状歯;;;;;;
o;dent bloquée;blocked tooth;;;;詰まり歯;;;;;;
o;dent canine;canine tooth;;;;糸切り歯;;;;;;
o;dent de devant;front tooth;;;;前歯;;;;;;
o;dent de loup;wolf's tooth;;;;狼牙;;;;;;
o;dent du fond;back tooth;;;;奥歯;;;;;;
o;dent en dehors de l'arcade;tooth outside the arch;;;;歯列弓外歯;;;;;;
o;dent en infraposition;tooth in infraposition;;;;埋伏歯;;;;;;
o;dent en supraposition;tooth in supraposition;;;;前歯;;;;;;
o;dent en trop;extra tooth;;;;余分な歯;;;;;;
o;dent incluse;tooth included;;;;歯を含む;;;;;;
o;dent mal placée;misplaced tooth;;;;すれ違い歯;;;;;;
o;dent mal positionnée;tooth in the wrong position;;;;はがゆい;;;;;;
o;dent manquante;missing tooth;;;;欠損歯;;;;;;
o;dent pivotée;pivoted tooth;;;;回転歯;;;;;;
o;dent qui ne pousse pas;tooth that doesn't grow;;;;生えない歯;;;;;;
o;dent qui ne sort pas;tooth that won't come out;;;;抜けない歯;;;;;;
o;dent retenue;retained tooth;;;;留め歯;;;;;;
o;dent rotée;rotated tooth;;;;回転歯;;;;;;
o;dent supplémentaire;additional tooth;;;;追加歯;;;;;;
o;dent surnuméraire;supernumerary tooth;;;;過剰歯;;;;;;
o;dent tournée;turned tooth;;;;回し歯;;;;;;
o;dent trop basse;tooth too low;;;;歯が低すぎる;;;;;;
o;dent trop haute;tooth too high;;;;高すぎる歯;;;;;;
o;dental arch;dental arch;;;;歯列弓;;;;;;
o;dental caries;dental caries;;;;う蝕;;;;;;
o;dentaux archs;arch teeth;;;;アーチ歯;;;;;;
o;dentaux caries;tooth decay;;;;虫歯;;;;;;
o;dentition adulte;adult teeth;;;;大人の歯;;;;;;
o;dentition mixte;mixed dentition;;;;混合歯列;;;;;;
o;dentition permanente;permanent teeth;;;;永久歯;;;;;;
o;dentition temporaire;temporary dentition;;;;仮歯列;;;;;;
o;dentition transitionnelle;transitional dentition;;;;移行期歯列;;;;;;
o;dentitions adultes;adult teeth;;;;大人の歯;;;;;;
o;dentitions transitionnelles;transitional dentitions;;;;移行期歯列;;;;;;
o;dents absentes;missing teeth;;;;歯抜け;;;;;;
o;dents ankylosées;ankylosed teeth;;;;鉤歯;;;;;;
o;dents bloquées;blocked teeth;;;;はがみ;;;;;;
o;dents canines;canine teeth;;;;犬歯;;;;;;
o;dents d'adulte;adult teeth;;;;大人の歯;;;;;;
o;dents d'adultes;adult teeth;;;;大人の歯;;;;;;
o;dents de bébé;baby teeth;;;;乳歯;;;;;;
o;dents de devant;front teeth;;;;前歯;;;;;;
o;dents de lait;milk teeth;;;;乳歯;;;;;;
o;dents des bébés;babies' teeth;;;;乳歯;;;;;;
o;dents des devants;front teeth;;;;前歯;;;;;;
o;dents des laits;milk teeth;;;;乳歯;;;;;;
o;dents des loups;wolves' teeth;;;;狼牙;;;;;;
o;dents du bonheur;happiness teeth;;;;幸福の歯;;;;;;
o;dents dus bonheurs;dents dus bonheurs;;;;へこみと喜び;;;;;;
o;dents dus fonds;teeth due funds;;;;歯数;;;;;;
o;dents définitives;permanent teeth;;;;永久歯;;;;;;
o;dents ens dehors des l'arcades;teeth outside the arch;;;;アーチ外の歯;;;;;;
o;dents ens infrapositions;teeth and infrapositions;;;;歯と歯列;;;;;;
o;dents ens suprapositions;teeth and suprapositions;;;;歯と歯根;;;;;;
o;dents ens trops;overgrown teeth;;;;生え歯;;;;;;
o;dents espacées;spaced teeth;;;;すきっ歯;;;;;;
o;dents incluses;impacted teeth;;;;埋伏歯;;;;;;
o;dents lactéales;milk teeth;;;;乳歯;;;;;;
o;dents manquantes;missing teeth;;;;歯抜け;;;;;;
o;dents maux placées;teeth maux placed;;;;歯;;;;;;
o;dents maux positionnées;badly positioned teeth;;;;乱杭歯;;;;;;
o;dents pivotées;pivoted teeth;;;;回転歯;;;;;;
o;dents primaires;primary teeth;;;;乳歯;;;;;;
o;dents qui grincent;grinding teeth;;;;歯ぎしり;;;;;;
o;dents qui se chevauchent;overlapping teeth;;;;重なり合う歯;;;;;;
o;dents quis grincents;teeth that grind;;;;歯ぎしり;;;;;;
o;dents quis nes pousses pas;teeth that don't grow;;;;生えない歯;;;;;;
o;dents quis nes sorts pas;dents quis nes sorts;;;;歯ブラシ;;;;;;
o;dents quis ses chevauchents;teeth that overlap;;;;重なり合う歯;;;;;;
o;dents retenues;retained teeth;;;;留め歯;;;;;;
o;dents rotées;rotary teeth;;;;回転歯;;;;;;
o;dents supplémentaires;additional teeth;;;;差し歯;;;;;;
o;dents tournées;turned teeth;;;;反っ歯;;;;;;
o;dents transposées;transposed teeth;;;;受け口;;;;;;
o;dents trop grandes;teeth too large;;;;歯が大きすぎる;;;;;;
o;dents trop petites;teeth too small;;;;歯が小さすぎる;;;;;;
o;dents trops basses;teeth too low;;;;歯が低すぎる;;;;;;
o;dents trops grandes;teeth too large;;;;歯が大きすぎる;;;;;;
o;dents trops hautes;teeth too high;;;;歯が高すぎる;;;;;;
o;dents trops petites;teeth too small;;;;歯が小さすぎる;;;;;;
o;dents écartées;teeth apart;;;;歯並び;;;;;;
o;denture mixte;mixed gears;;;;ミックスギア;;;;;;
o;denture permanente;permanent teeth;;;;永久歯;;;;;;
o;denture temporaire;temporary teeth;;;;仮歯;;;;;;
o;dentures mixtes;mixed gears;;;;ミックスギア;;;;;;
o;dentures permanentes;permanent teeth;;;;永久歯;;;;;;
o;dentures temporaires;temporary teeth;;;;仮歯;;;;;;
o;deuxième;second;;;;セカンド;;;;;;
o;deuxièmes;second;;;;セカンド;;;;;;
o;diastemata;diastemata;;;;ジアステマータ;;;;;;
o;diasteme;diasteme;;;;ジアステメ;;;;;;
o;diastemes;screens;;;;スクリーン;;;;;;
o;diastème;diastema;;;;ジアステマ;;;;;;
o;diastème central;central diastema;;;;中央ジアステマ;;;;;;
o;diastèmes;diastemas;;;;拡張;;;;;;
o;diastèmes centraux;central diastemas;;;;中央拡張症;;;;;;
o;diastèmesse;diastema;;;;ジアステマ;;;;;;
o;diastèmesses;diastemas;;;;拡張;;;;;;
o;différé;deferred;;;;延期;;;;;;
o;différée;deferred;;;;延期;;;;;;
o;différées;deferred;;;;延期;;;;;;
o;différés;deferred;;;;延期;;;;;;
o;digital;digital;;;;デジタル;;;;;;
o;digital impression;digital printing;;;;デジタル印刷;;;;;;
o;digitale;digital;;;;デジタル;;;;;;
o;digitales;digital;;;;デジタル;;;;;;
o;digitaux;digital;;;;デジタル;;;;;;
o;digitaux impressions;digital impressions;;;;デジタル・インプレッション;;;;;;
o;discrepance;discrepance;;;;不一致;;;;;;
o;discrepances;discrepances;;;;相違;;;;;;
o;disjoncteur;circuit breaker;;;;サーキットブレーカー;;;;;;
o;disjoncteur palatin;pallet circuit breaker;;;;パレット遮断器;;;;;;
o;disjoncteurs palatins;palatine circuit breakers;;;;パラティン・サーキット・ブレーカー;;;;;;
o;disjonction;disconnection;;;;切断;;;;;;
o;disjonctionne;disconnects;;;;切断;;;;;;
o;disjonctionnes;disconnected;;;;バラバラ;;;;;;
o;disjonctions;circuit breakers;;;;サーキットブレーカー;;;;;;
o;dislocation;dislocation;;;;転位;;;;;;
o;dislocationne;dislocationne;;;;転位;;;;;;
o;dislocationnes;dislocationnes;;;;転位;;;;;;
o;dislocations;dislocations;;;;脱臼;;;;;;
o;distalisation;distalization;;;;ディスタリゼーション;;;;;;
o;distalisation molaire;molar distalization;;;;大臼歯遠位化;;;;;;
o;distalisations molaires;molar distalization;;;;大臼歯遠位化;;;;;;
o;disto-occlusion;disto-occlusion;;;;反対咬合;;;;;;
o;disto-occlusionne;disto-occlusionne;;;;ジストオスクリュージョン;;;;;;
o;disto-occlusionnes;disto-occlusion;;;;反対咬合;;;;;;
o;disto-occlusions;disto-occlusions;;;;不定愁訴;;;;;;
o;distocclusion;distocclusion;;;;反対咬合;;;;;;
o;distocclusion dentaire;dental distocclusion;;;;歯列不正;;;;;;
o;distocclusionne;distocclusionne;;;;ディストクルージョン;;;;;;
o;distocclusionnes;distocclusions;;;;不定愁訴;;;;;;
o;distocclusions;distocclusions;;;;不定愁訴;;;;;;
o;distocclusions dentaires;dental distocclusions;;;;歯列不正;;;;;;
o;diurne;diurnal;;;;昼行性;;;;;;
o;diurnes;diurnal;;;;昼行性;;;;;;
o;div 1;div 1;;;;1割;;;;;;
o;div 2;div 2;;;;ディブ2;;;;;;
o;div1;div1;;;;ディヴワン;;;;;;
o;div2;div2;;;;ディブ2;;;;;;
o;division 1;division 1;;;;第1部門;;;;;;
o;division 2;division 2;;;;ディビジョン2;;;;;;
o;douleur;pain;;;;痛み;;;;;;
o;douleur dentaire;dental pain;;;;歯痛;;;;;;
o;douleurs dentaires;dental pain;;;;歯痛;;;;;;
o;douzième;twelfth;;;;十二番目;;;;;;
o;douzièmes;twelfths;;;;十二月;;;;;;
o;droit;right;;;;右;;;;;;
o;droite;right;;;;右;;;;;;
o;droites;straight;;;;ストレート;;;;;;
o;droits;rights;;;;権利;;;;;;
o;dysfonction linguale;lingual dysfunction;;;;舌機能障害;;;;;;
o;dysfonction temporo-mandibulaire;temporomandibular dysfunction;;;;顎機能障害;;;;;;
o;dysfonctions temporo-mandibulaires;temporomandibular dysfunctions;;;;顎関節機能障害;;;;;;
o;dysharmonie;disharmony;;;;不統一;;;;;;
o;dysharmonie dentaire;dental disharmony;;;;歯の不調和;;;;;;
o;dysharmonie dento-maxillaire;dento-maxillary disharmony;;;;歯と顎の不調和;;;;;;
o;dysharmonies;disharmony;;;;不統一;;;;;;
o;dysharmonies dentaires;dental disharmony;;;;歯の不調和;;;;;;
o;dysharmonies dento-maxillaires;dento-maxillary disharmony;;;;歯と顎の不調和;;;;;;
o;dysmorphie;dysmorphia;;;;異形症;;;;;;
o;dysmorphies;dysmorphia;;;;異形症;;;;;;
o;dysmorphose;dysmorphosis;;;;異形;;;;;;
o;dysmorphoses;dysmorphoses;;;;変形異常;;;;;;
o;dysplasie;dysplasia;;;;異形成;;;;;;
o;débandage;spreading;;;;拡散;;;;;;
o;décalage dentaire;tooth shift;;;;トゥースシフト;;;;;;
o;décalage horizontal;horizontal shift;;;;水平シフト;;;;;;
o;décalage mandibulaire;mandibular shift;;;;下顎シフト;;;;;;
o;décalage squelettique;skeletal shift;;;;骨格シフト;;;;;;
o;décalages dentaires;tooth shifts;;;;歯固め;;;;;;
o;décalages horizontaux;horizontal shifts;;;;水平シフト;;;;;;
o;décalages mandibulaires;mandibular shifts;;;;下顎シフト;;;;;;
o;décalages squelettiques;skeletal shifts;;;;骨格シフト;;;;;;
o;déchaussement;heaving;;;;えいえい;;;;;;
o;déchaussemente;removal;;;;えいえい;;;;;;
o;déchaussementes;heaving;;;;えいえい;;;;;;
o;déchaussements;heaving;;;;えいえい;;;;;;
o;dédentation;visit;;;;訪問;;;;;;
o;dédentationne;dedentationne;;;;デデンテーション;;;;;;
o;dédentationnes;dedentationnes;;;;デデンテーション;;;;;;
o;dédentations;dedications;;;;献辞;;;;;;
o;déficit mandibulaire;mandibular deficit;;;;下顎欠損;;;;;;
o;déficit maxillaire;maxillary deficit;;;;上顎欠損;;;;;;
o;déficits mandibulaires;mandibular deficiencies;;;;下顎欠損;;;;;;
o;déficits maxillaires;maxillary deficiencies;;;;顎欠損;;;;;;
o;déglutition;swallowing;;;;呑み込み;;;;;;
o;déglutition primaire;primary swallowing;;;;一次嚥下;;;;;;
o;déglutitions primaires;primary swallowing;;;;一次嚥下;;;;;;
o;déplacement articulaire;joint displacement;;;;関節変位;;;;;;
o;déplacement corporel;bodily displacement;;;;身体変位;;;;;;
o;déplacement distal;distal displacement;;;;遠位変位;;;;;;
o;déplacement du ménisque;meniscus displacement;;;;半月板変位;;;;;;
o;déplacement en bloc;block travel;;;;ブロック旅行;;;;;;
o;déplacement mésial;mesial displacement;;;;中間の変位;;;;;;
o;déplacements articulaires;joint movements;;;;関節運動;;;;;;
o;déplacements corporels;bodily movements;;;;身のこなし;;;;;;
o;déplacements distaux;distal movements;;;;遠位の動き;;;;;;
o;déplacements dus ménisques;meniscus displacements;;;;半月板の変位;;;;;;
o;déplacements ens blocs;moves in blocks;;;;ブロック移動;;;;;;
o;déplacements mésiaux;mesial displacements;;;;中間の変位;;;;;;
o;détartrage;descaling;;;;スケール除去;;;;;;
o;développement;development;;;;開発;;;;;;
o;développemente;development;;;;開発;;;;;;
o;développementes;development;;;;開発;;;;;;
o;développements;developments;;;;展開;;;;;;
o;déviation de la ligne médiane;deviation of the median line;;;;中央線の偏差;;;;;;
o;déviation de la mandibule;deviation of the mandible;;;;下顎偏位;;;;;;
o;déviation faciale;facial deviation;;;;顔面偏差値;;;;;;
o;déviation mandibulaire;mandibular deviation;;;;下顎偏位;;;;;;
o;déviation mandibulaire fonctionnelle;functional mandibular deviation;;;;下顎機能的偏位;;;;;;
o;déviation mandibulaire latérale;lateral mandibular deviation;;;;下顎外側偏位;;;;;;
o;déviation maxillaire;maxillary deviation;;;;上顎偏位;;;;;;
o;déviation maxillaire latérale;lateral maxillary deviation;;;;上顎外側偏位;;;;;;
o;déviations des las lignes médianes;deviations from the centre lines;;;;センターラインからのずれ;;;;;;
o;déviations des las mandibules;deviations of the mandibles;;;;下顎の偏位;;;;;;
o;déviations faciales;facial deviations;;;;顔面偏差値;;;;;;
o;déviations mandibulaires fonctionnelles;functional mandibular deviations;;;;下顎機能的偏位;;;;;;
o;déviations mandibulaires latérales;lateral mandibular deviations;;;;下顎外側偏位;;;;;;
o;déviations maxillaires latérales;lateral maxillary deviations;;;;上顎外側偏位;;;;;;
o;dévitalisation nécessaire;necessary devitalisation;;;;必要な活性化;;;;;;
o;dévitalisations nécessaires;necessary devitalizations;;;;必要な権利剥奪;;;;;;
o;early treatment;early treatment;;;;早期治療;;;;;;
o;earlys treatments;earlys treatments;;;;早期治療;;;;;;
o;ectopic tooth;ectopic tooth;;;;異所性歯;;;;;;
o;ectopics tooths;ectopics tooths;;;;エクストピックス・トゥース;;;;;;
o;ectopie;ectopy;;;;エクトピー;;;;;;
o;ectopie dentaire;dental ectopy;;;;デンタルエクトピー;;;;;;
o;ectopies dentaires;dental ectopias;;;;歯科用エクトピア;;;;;;
o;edentation;edentation;;;;エデンテーション;;;;;;
o;edentationne;edentationne;;;;エデンテーション;;;;;;
o;edentationnes;edentationnes;;;;エデンテーション;;;;;;
o;edentations;edentations;;;;岬湾;;;;;;
o;emergency;emergency;;;;緊急;;;;;;
o;emergencys;emergencys;;;;エマージェンシーズ;;;;;;
o;empreinte;footprint;;;;フットプリント;;;;;;
o;empreinte dentaire;dental impression;;;;歯型;;;;;;
o;empreinte numérique;digital footprint;;;;デジタルフットプリント;;;;;;
o;empreintes dentaires;dental impressions;;;;歯型;;;;;;
o;empreintes numériques;digital footprints;;;;デジタルフットプリント;;;;;;
o;en arrière;backwards;;;;後方;;;;;;
o;en avant;ahead;;;;先に;;;;;;
o;encombrement;space requirement;;;;スペース要件;;;;;;
o;encombremente;clutter;;;;乱雑;;;;;;
o;encombrementes;space requirements;;;;スペース要件;;;;;;
o;encombrements;congestion;;;;混雑;;;;;;
o;encombré;crowded;;;;満員;;;;;;
o;encombrée;cluttered;;;;がしゃがしゃ;;;;;;
o;encombrées;cluttered;;;;がしゃがしゃ;;;;;;
o;encombrés;cluttered;;;;がしゃがしゃ;;;;;;
o;endoalvéolie;endoalveolus;;;;エンドアルベオラス;;;;;;
o;enfoncement;sinking;;;;沈没;;;;;;
o;enfoncemente;embedding;;;;埋め込み;;;;;;
o;enfoncementes;recesses;;;;休会;;;;;;
o;enfoncements;dents;;;;へこたれ;;;;;;
o;ens arrières;ens arrières;;;;アン・アリエール;;;;;;
o;ens avants;front sets;;;;フロントセット;;;;;;
o;entassement dentaire;dental crowding;;;;歯列叢生;;;;;;
o;entassements dentaires;dental crowding;;;;歯列叢生;;;;;;
o;erp;erp;;;;エラップ;;;;;;
o;erpe;erpe;;;;イーアールピーイー;;;;;;
o;erpes;erpes;;;;イーアールピー;;;;;;
o;erps;erps;;;;イーアールピー;;;;;;
o;espace;space;;;;スペース;;;;;;
o;espace entre les dents;space between teeth;;;;歯間;;;;;;
o;espace interdentaire;interdental space;;;;歯間スペース;;;;;;
o;espacement;spacing;;;;スペーシング;;;;;;
o;espacement généralisé;generalised spacing;;;;一般化スペーシング;;;;;;
o;espacemente;spacing;;;;スペーシング;;;;;;
o;espacementes;spacing;;;;スペーシング;;;;;;
o;espacements;spacing;;;;スペーシング;;;;;;
o;espacements généralisés;generalised spacing;;;;一般化スペーシング;;;;;;
o;espaces;spaces;;;;スペース;;;;;;
o;espaces entres les dents;spaces between teeth;;;;歯と歯の間;;;;;;
o;espaces interdentaires;interdental spaces;;;;歯間スペース;;;;;;
o;espaces multiples;multiple spaces;;;;マルチスペース;;;;;;
o;espacé;spaced;;;;スペーシッド;;;;;;
o;espacée;spaced;;;;スペーシッド;;;;;;
o;espacées;spaced;;;;スペーシッド;;;;;;
o;espacés;spaced;;;;スペーシッド;;;;;;
o;esthétique;aesthetics;;;;美学;;;;;;
o;esthétiques;aesthetics;;;;美学;;;;;;
o;examen orthodontique;orthodontic examination;;;;矯正歯科検診;;;;;;
o;examens orthodontiques;orthodontic examinations;;;;矯正歯科検診;;;;;;
o;excès mandibulaire;mandibular excess;;;;下顎過剰;;;;;;
o;excès mandibulaires;mandibular excess;;;;下顎過剰;;;;;;
o;excès maxillaire;maxillary excess;;;;上顎過剰;;;;;;
o;excès maxillaires;maxillary excess;;;;上顎過剰;;;;;;
o;exodontie;exodontia;;;;歯牙矯正術;;;;;;
o;exodonties;exodonties;;;;歯列矯正;;;;;;
o;expansion;expansion;;;;拡大;;;;;;
o;expansion lente;slow expansion;;;;スローエクスパンション;;;;;;
o;expansion rapide du palais;rapid expansion of the palate;;;;口蓋の急速拡大;;;;;;
o;expansionne;expansionne;;;;エキスパンション;;;;;;
o;expansionnes;expansionnes;;;;エクスパンションネス;;;;;;
o;expansions;expansions;;;;拡張;;;;;;
o;expansions lentes;slow expansion;;;;スローエクスパンション;;;;;;
o;expansions rapides dus palais;rapid expansion of the palate;;;;口蓋の急速拡大;;;;;;
o;extraction;extraction;;;;抽出;;;;;;
o;extraction dentaire;dental extraction;;;;抜歯;;;;;;
o;extractionne;extractionne;;;;エクストラクション;;;;;;
o;extractionnes;extractionnes;;;;エクストラクネス;;;;;;
o;extractions;extractions;;;;抜歯;;;;;;
o;extractions dentaires;dental extractions;;;;抜歯;;;;;;
o;extrusion;extrusion;;;;突出部;;;;;;
o;extrusionne;extrudes;;;;出物;;;;;;
o;extrusionnes;extruded;;;;押し出し;;;;;;
o;extrusions;extrusions;;;;押出成形品;;;;;;
o;fil;wire;;;;ワイヤー;;;;;;
o;fil d'arc;bow wire;;;;弓ワイヤー;;;;;;
o;fil de contention;support wire;;;;サポートワイヤー;;;;;;
o;fil métallique;metal wire;;;;金属線;;;;;;
o;fil niti;niti wire;;;;ニティスレッド;;;;;;
o;fil orthodontique;orthodontic wire;;;;歯列矯正ワイヤー;;;;;;
o;fil qui blesse;thread that hurts;;;;痛い糸;;;;;;
o;fil qui dépasse;protruding thread;;;;突き出た糸;;;;;;
o;fil qui pique;itchy thread;;;;痒い糸;;;;;;
o;fil rectangulaire;rectangular wire;;;;角線;;;;;;
o;fil rond;round wire;;;;丸線;;;;;;
o;fil saillant;projecting wire;;;;突出しワイヤー;;;;;;
o;fil thermoactif;thermoactive yarn;;;;熱活性糸;;;;;;
o;filles;girls;;;;女子;;;;;;
o;fils;son;;;;息子;;;;;;
o;fils d'arcs;arch wires;;;;アーチワイヤー;;;;;;
o;fils des contentions;restraint wires;;;;拘束ワイヤー;;;;;;
o;fils métalliques;metal threads;;;;金属糸;;;;;;
o;fils nitis;nitis wires;;;;NiTisワイヤー;;;;;;
o;fils orthodontiques;orthodontic wires;;;;歯列矯正ワイヤー;;;;;;
o;fils quis blesses;sons who are injured;;;;負傷した息子たち;;;;;;
o;fils quis dépasses;protruding wires;;;;突き出たワイヤー;;;;;;
o;fils rectangulaires;rectangular wires;;;;長方形ワイヤー;;;;;;
o;fils ronds;round wires;;;;丸線;;;;;;
o;fils saillants;protruding wires;;;;突き出たワイヤー;;;;;;
o;fils thermoactifs;thermoactive yarns;;;;サーモアクティブヤーン;;;;;;
o;fixe;fixed;;;;固定;;;;;;
o;fixes;fixed;;;;固定;;;;;;
o;follow-up;follow-up;;;;フォローアップ;;;;;;
o;fonction de déglutition;swallowing function;;;;嚥下機能;;;;;;
o;fonction masticatoire;chewing function;;;;咀嚼機能;;;;;;
o;fonction masticatrice;chewing function;;;;咀嚼機能;;;;;;
o;fonction phonatoire;phonatory function;;;;音声機能;;;;;;
o;fonctions des déglutitions;swallowing functions;;;;嚥下機能;;;;;;
o;fonctions masticatoires;chewing functions;;;;咀嚼機能;;;;;;
o;fonctions masticatrices;chewing functions;;;;咀嚼機能;;;;;;
o;fonctions phonatoires;phonatory functions;;;;音韻機能;;;;;;
o;forsus;forsus;;;;フォーサス;;;;;;
o;forsusse;forsusse;;;;フォーサッセ;;;;;;
o;forsusses;forsusses;;;;フォルス;;;;;;
o;frontal;front;;;;フロント;;;;;;
o;frontale;front;;;;フロント;;;;;;
o;frontales;frontal;;;;前額部;;;;;;
o;frontaux;front-ends;;;;フロントエンド;;;;;;
o;functional appliance;functional appliance;;;;機能アプライアンス;;;;;;
o;functionaux appliances;functional appliances;;;;機能家電;;;;;;
o;fusion osseuse;bone fusion;;;;骨融合;;;;;;
o;fusions osseuses;bone fusions;;;;骨癒合;;;;;;
o;gap;gap;;;;ギャップ;;;;;;
o;gape;gape;;;;隙間;;;;;;
o;gapes;gapes;;;;顎門;;;;;;
o;gaps;gaps;;;;隙間;;;;;;
o;gauche;left;;;;左;;;;;;
o;gauches;left;;;;左;;;;;;
o;gencives rouges;red gums;;;;赤い歯茎;;;;;;
o;gingival recession;gingival recession;;;;歯肉退縮;;;;;;
o;gingivaux recessions;gingival recessions;;;;歯肉退縮;;;;;;
o;gingivite;gingivitis;;;;歯肉炎;;;;;;
o;gingivitis;gingivitis;;;;歯肉炎;;;;;;
o;gingivitisse;gingivitis;;;;歯肉炎;;;;;;
o;gingivitisses;gingivitis;;;;歯肉炎;;;;;;
o;glissement mandibulaire;mandibular slippage;;;;下顎すべり症;;;;;;
o;glissements mandibulaires;mandibular slippage;;;;下顎すべり症;;;;;;
o;gouttière;gutter;;;;側溝;;;;;;
o;gouttière orthodontique;orthodontic splint;;;;矯正用スプリント;;;;;;
o;gouttière transparente;transparent gutter;;;;透明樋;;;;;;
o;gouttières orthodontiques;orthodontic splints;;;;矯正用スプリント;;;;;;
o;gouttières transparentes;transparent gutters;;;;透明雨どい;;;;;;
o;grande mâchoire;large jaw;;;;大顎;;;;;;
o;grandes mâchoires;large jaws;;;;大顎;;;;;;
o;grandir;grow;;;;育つ;;;;;;
o;grandire;grandire;;;;グランディール;;;;;;
o;grandires;bigires;;;;ビギレス;;;;;;
o;grandirs;grandirs;;;;グランディアーズ;;;;;;
o;grave;serious;;;;シリアス;;;;;;
o;graves;serious;;;;シリアス;;;;;;
o;grince des dents;grits its teeth;;;;歯を食いしばる;;;;;;
o;grincement;squeaking;;;;ぎこぎこ;;;;;;
o;grincemente;squeaks;;;;ギシギシ;;;;;;
o;grincementes;squeaks;;;;ギシギシ;;;;;;
o;grincements;creaks;;;;きしみ;;;;;;
o;grincent des dents;grit their teeth;;;;歯を食いしばる;;;;;;
o;grincents des dents;teeth grinding;;;;歯ぎしり;;;;;;
o;grinces des dents;teeth grinding;;;;歯ぎしり;;;;;;
o;grinding;grinding;;;;研磨;;;;;;
o;grosse dent;large tooth;;;;大歯;;;;;;
o;grosse mâchoire;big jaw;;;;大顎;;;;;;
o;grosses dents;big teeth;;;;大きな歯;;;;;;
o;grosses mâchoires;big jaws;;;;大顎;;;;;;
o;growth;growth;;;;成長;;;;;;
o;habitude de succion;sucking habit;;;;吸い癖;;;;;;
o;habitudes des succions;sucking habits;;;;吸い癖;;;;;;
o;harmonieuse;harmonious;;;;和気あいあい;;;;;;
o;harmonieuses;harmonious;;;;和気あいあい;;;;;;
o;harmonieux;harmonious;;;;和気あいあい;;;;;;
o;hawley;hawley;;;;ホーリー;;;;;;
o;herbst;herbst;;;;ハーブスト;;;;;;
o;hygiène;hygiene;;;;衛生;;;;;;
o;hygiène bucco-dentaire;oral hygiene;;;;口腔衛生;;;;;;
o;hygiène dentaire;dental hygiene;;;;歯科衛生士;;;;;;
o;hygiènes bucco-dentaires;oral hygiene;;;;口腔衛生;;;;;;
o;hygiènes dentaires;dental hygiene;;;;歯科衛生士;;;;;;
o;hyperdontie;hyperdontia;;;;過度歯;;;;;;
o;hyperdonties;hyperdontia;;;;過度歯;;;;;;
o;hyperplasie;hyperplasia;;;;過形成;;;;;;
o;hyperplasies;hyperplasias;;;;過形成;;;;;;
o;hypodontie;hypodontia;;;;歯牙下部;;;;;;
o;hypodonties;hypodontia;;;;歯牙下部;;;;;;
o;hypoplasie;hypoplasia;;;;低形成;;;;;;
o;hypoplasies;hypoplasias;;;;低形成;;;;;;
o;idéal;ideal;;;;理想的;;;;;;
o;idéale;ideal;;;;理想的;;;;;;
o;idéales;ideal;;;;理想的;;;;;;
o;idéaux;ideals;;;;理想;;;;;;
o;imagerie 3d;3d imaging;;;;3Dイメージング;;;;;;
o;immédiat;immediate;;;;即時;;;;;;
o;immédiate;immediate;;;;即時;;;;;;
o;immédiates;immediate;;;;即時;;;;;;
o;immédiats;immediate;;;;即時;;;;;;
o;impacted tooth;impacted tooth;;;;埋伏歯;;;;;;
o;impacteds tooths;impacteds tooths;;;;歯;;;;;;
o;impaction;impaction;;;;埋伏;;;;;;
o;impactionne;impactionne;;;;インパクションネ;;;;;;
o;impactionnes;impactionnes;;;;インパクションネス;;;;;;
o;impactions;impactions;;;;影響;;;;;;
o;implant orthodontique temporaire;temporary orthodontic implant;;;;暫間矯正用インプラント;;;;;;
o;implants orthodontiques temporaires;temporary orthodontic implants;;;;仮歯矯正用インプラント;;;;;;
o;important;important;;;;重要;;;;;;
o;importante;important;;;;重要;;;;;;
o;importantes;important;;;;重要;;;;;;
o;importants;important;;;;重要;;;;;;
o;impression;printing;;;;印刷;;;;;;
o;impressionne;impresses;;;;感動;;;;;;
o;impressionnes;impress;;;;インプレッション;;;;;;
o;impressions;prints;;;;プリント;;;;;;
o;imu;imu;;;;イミュ;;;;;;
o;imue;imue;;;;IMUe;;;;;;
o;imues;imues;;;;IMU;;;;;;
o;imus;imus;;;;IMU;;;;;;
o;incisif;incisive;;;;鋭い;;;;;;
o;incisifs;incisive;;;;鋭い;;;;;;
o;incisive;incisor;;;;門歯;;;;;;
o;incisives;incisors;;;;門歯;;;;;;
o;inclinaison;tilt;;;;チルト;;;;;;
o;inclinaison dentaire;dental inclination;;;;歯牙傾斜;;;;;;
o;inclinaison linguale;lingual tilt;;;;舌側傾斜;;;;;;
o;inclinaison radiculaire;root inclination;;;;根の傾斜;;;;;;
o;inclinaisonne;inclined;;;;傾斜;;;;;;
o;inclinaisonnes;inclinations;;;;しせい;;;;;;
o;inclinaisons;inclinations;;;;しせい;;;;;;
o;inclinaisons dentaires;dental inclinations;;;;歯牙傾斜;;;;;;
o;inclinaisons linguales;lingual inclinations;;;;舌の傾斜;;;;;;
o;inclinaisons radiculaires;root inclinations;;;;根の傾斜;;;;;;
o;incliné vers l'extérieur;inclined outwards;;;;外向き;;;;;;
o;incliné vers la joue;inclined towards the cheek;;;;頬がこける;;;;;;
o;incliné vers la langue;inclined towards the tongue;;;;舌側;;;;;;
o;inclinés vers l'extérieurs;inclined outwards;;;;外向き;;;;;;
o;inclinés vers las joues;inclined towards the cheeks;;;;頬がこける;;;;;;
o;inclinés vers las langues;inclined towards languages;;;;語学志向;;;;;;
o;inclus;including;;;;を含む;;;;;;
o;inclusion;inclusion;;;;包含;;;;;;
o;inclusse;incl.;;;;を含む。;;;;;;
o;inclusses;including;;;;を含む;;;;;;
o;inconfort;discomfort;;;;不快感;;;;;;
o;inconforte;uncomfortable;;;;気詰まり;;;;;;
o;inconfortes;discomfort;;;;不快感;;;;;;
o;inconforts;discomfort;;;;不快感;;;;;;
o;infectieuse;infectious;;;;感染性;;;;;;
o;infectieuses;infectious;;;;感染性;;;;;;
o;infectieux;infectious;;;;感染性;;;;;;
o;inflammation articulaire;joint inflammation;;;;関節炎;;;;;;
o;inflammation des gencives;inflammation of the gums;;;;歯ぐきの炎症;;;;;;
o;inflammation gingivale;gingival inflammation;;;;歯肉炎;;;;;;
o;inflammations articulaires;joint inflammations;;;;関節炎;;;;;;
o;inflammations des gencives;inflammation of the gums;;;;歯ぐきの炎症;;;;;;
o;inflammations gingivales;gum inflammation;;;;歯茎の炎症;;;;;;
o;infra-position;infra-position;;;;ざいい;;;;;;
o;infra-positionne;infra-positionne;;;;インフラ・ポジション;;;;;;
o;infra-positionnes;sub-positional;;;;サブポジション;;;;;;
o;infra-positions;infra-positions;;;;インファーポジション;;;;;;
o;infraclusion;undercover;;;;おとり捜査;;;;;;
o;infraposition;infraposition;;;;こうち;;;;;;
o;inférieur;lower;;;;下げる;;;;;;
o;inférieurs;lower;;;;下げる;;;;;;
o;inférieuse;lower;;;;下げる;;;;;;
o;inférieuses;lower;;;;下げる;;;;;;
o;ingression;ingression;;;;移入;;;;;;
o;interception orthodontique;orthodontic interception;;;;歯列矯正インターセプト;;;;;;
o;interceptions orthodontiques;orthodontic interceptions;;;;歯列矯正のインターセプト;;;;;;
o;interposition linguale;lingual interposition;;;;舌側;;;;;;
o;intervention;intervention;;;;介入;;;;;;
o;interventionne;intervention;;;;介入;;;;;;
o;interventionnes;interventions;;;;介入;;;;;;
o;interventions;interventions;;;;介入;;;;;;
o;intrusion;intrusion;;;;乱入;;;;;;
o;intrusion dentaire;dental intrusion;;;;歯牙侵入;;;;;;
o;intrusionne;visit;;;;訪問;;;;;;
o;intrusionnes;intrusion;;;;乱入;;;;;;
o;intrusions;intrusions;;;;乱入;;;;;;
o;intrusions dentaires;dental intrusions;;;;歯牙侵入;;;;;;
o;inversion de position;position inversion;;;;ポジション反転;;;;;;
o;inversions des positions;position reversals;;;;ポジション逆転;;;;;;
o;invisalign;invisalign;;;;インビザライン;;;;;;
o;invisaligne;invisalign;;;;インビザライン;;;;;;
o;invisalignes;invisalignes;;;;インビザライン;;;;;;
o;invisaligns;invisaligns;;;;インライン矯正;;;;;;
o;ipr;rpi;;;;購買力指数;;;;;;
o;ipre;ipre;;;;アイピーアールイー;;;;;;
o;ipres;ipres;;;;知的財産権;;;;;;
o;iprs;iprs;;;;知的財産権;;;;;;
o;irritation;irritation;;;;苛立ち;;;;;;
o;irritationne;irritation;;;;苛立ち;;;;;;
o;irritationnes;irritation;;;;苛立ち;;;;;;
o;irritations;irritations;;;;癪;;;;;;
o;jaw surgery;jaw surgery;;;;顎の手術;;;;;;
o;langue basse;lower tongue;;;;舌下;;;;;;
o;langue entre les dents;tongue between teeth;;;;歯と歯の間の舌;;;;;;
o;langues basses;low languages;;;;低言語;;;;;;
o;langues entres les dents;tongues between teeth;;;;歯と歯の間の舌;;;;;;
o;lateral ceph;lateral ceph;;;;側頭骨;;;;;;
o;lateraux cephs;lateral cephs;;;;側頭類;;;;;;
o;latéral;lateral;;;;側面;;;;;;
o;latérale;lateral;;;;側面;;;;;;
o;latérales;lateral;;;;側面;;;;;;
o;latéraux;lateral;;;;側面;;;;;;
o;latérodéviation mandibulaire;mandibular lateroeviation;;;;下顎後屈;;;;;;
o;latérodéviation maxillaire;maxillary laterodeviation;;;;上顎後頭偏位;;;;;;
o;ligature;ligation;;;;ライゲーション;;;;;;
o;ligature colorée;coloured ligature;;;;カラーリガチャー;;;;;;
o;ligatures colorées;coloured ligatures;;;;カラー合字;;;;;;
o;ligatures métalliques;metal ligatures;;;;メタルリガチャー;;;;;;
o;ligatures élastiques;elastic ligatures;;;;エラスティック・リガチャー;;;;;;
o;limage;filing;;;;ファイリング;;;;;;
o;limages;limages;;;;檻;;;;;;
o;linguo-version;linguo-version;;;;言語バージョン;;;;;;
o;linguoversion;linguoversion;;;;言語オーバージョン;;;;;;
o;loose bracket;loose bracket;;;;ルーズブラケット;;;;;;
o;looses brackets;looses brackets;;;;ブラケットを失う;;;;;;
o;luxation;dislocation;;;;転位;;;;;;
o;luxation atm;tmj dislocation;;;;脱臼アトム;;;;;;
o;luxation discale;disc dislocation;;;;椎間板脱臼;;;;;;
o;luxation méniscale;meniscal dislocation;;;;半月板脱臼;;;;;;
o;luxations atms;tmj dislocations;;;;顎関節脱臼;;;;;;
o;luxations discales;dislocated discs;;;;椎間板脱臼;;;;;;
o;léger;light;;;;ライト;;;;;;
o;légers;light;;;;ライト;;;;;;
o;légère;slight;;;;軽い;;;;;;
o;légères;slight;;;;軽い;;;;;;
o;lésion carieuse;carious lesion;;;;う蝕;;;;;;
o;lésions carieuses;carious lesions;;;;齲蝕病変;;;;;;
o;macrodontie;macrodontia;;;;マクロどんてき;;;;;;
o;macrognathie;macrognathy;;;;マクログナシー;;;;;;
o;maintenance;maintenance;;;;メンテナンス;;;;;;
o;maintenances;maintenance;;;;メンテナンス;;;;;;
o;mainteneur d'espace;space maintainer;;;;スペースメンテナー;;;;;;
o;maintien;maintenance;;;;メンテナンス;;;;;;
o;maintienne;maintain;;;;維持する;;;;;;
o;maintiennes;hold;;;;ホールド;;;;;;
o;maintiens;support;;;;サポート;;;;;;
o;majeur;major;;;;メジャー;;;;;;
o;majeure;major;;;;メジャー;;;;;;
o;majeures;major;;;;メジャー;;;;;;
o;majeurs;major;;;;メジャー;;;;;;
o;mal;badly;;;;ひどく;;;;;;
o;mal placée;misplaced;;;;筋違い;;;;;;
o;maladie articulaire dégénérative;degenerative joint disease;;;;変性関節疾患;;;;;;
o;maladie des gencives;gum disease;;;;歯周病;;;;;;
o;maladie parodontale;periodontal disease;;;;歯周病;;;;;;
o;maladies articulaires dégénératives;degenerative joint diseases;;;;変性関節疾患;;;;;;
o;maladies des gencives;gum disease;;;;歯周病;;;;;;
o;male;male;;;;男性;;;;;;
o;males;males;;;;男性;;;;;;
o;malformation;malformation;;;;奇形;;;;;;
o;malformationne;malformation;;;;奇形;;;;;;
o;malformationnes;malformations;;;;奇形;;;;;;
o;malformations;malformations;;;;奇形;;;;;;
o;malocclusion;malocclusion;;;;不正咬合;;;;;;
o;malocclusion dentaire;dental malocclusion;;;;歯列不正;;;;;;
o;malocclusions dentaires;dental malocclusions;;;;歯列不正;;;;;;
o;maloclusion;maloclusion;;;;不正流出;;;;;;
o;maloclusionne;maloclusionne;;;;マロクリュージョンヌ;;;;;;
o;maloclusionnes;maloclusionnes;;;;マロクリュージョンネス;;;;;;
o;maloclusions;maloclusions;;;;不正出血;;;;;;
o;malposition;malposition;;;;誤位置;;;;;;
o;malposition dentaire;dental malposition;;;;歯列不正;;;;;;
o;malposition rotationnelle;rotational malposition;;;;回転位置異常;;;;;;
o;malpositionne;malpositionne;;;;マルポジション;;;;;;
o;malpositionnes;malpositionnes;;;;マルポジションネス;;;;;;
o;malpositions;malpositions;;;;へた;;;;;;
o;malpositions rotationnelles;rotational malposition;;;;回転位置異常;;;;;;
o;mandibulaire;mandibular;;;;下顎骨;;;;;;
o;mandibulaires;mandibular;;;;下顎骨;;;;;;
o;mandibule avancée;advanced mandible;;;;高度下顎骨;;;;;;
o;mandibule en arrière;mandible backwards;;;;下顎後方;;;;;;
o;mandibule en avant;mandible forward;;;;下顎前方;;;;;;
o;mandibule en retrait;recessed mandible;;;;下顎後退;;;;;;
o;mandibule proéminente;prominent mandible;;;;出っ歯;;;;;;
o;mandibule reculée;receded mandible;;;;下顎後退;;;;;;
o;mandibules avancées;advanced mandibles;;;;高度な大あご;;;;;;
o;mandibules ens arrières;mandibles ens arrières;;;;顎関節;;;;;;
o;mandibules ens avants;front mandibles;;;;前大あご;;;;;;
o;mandibules ens retraits;mandibles ens retractions;;;;大あごの後退;;;;;;
o;mandibules proéminentes;prominent mandibles;;;;大あご;;;;;;
o;mandibules reculées;retracted mandibles;;;;後退した大あご;;;;;;
o;manque de place;lack of space;;;;スペース不足;;;;;;
o;manques des places;missing places;;;;欠所;;;;;;
o;marqué;marked;;;;マーク;;;;;;
o;marquée;marked;;;;マーク;;;;;;
o;marquées;marked;;;;マーク;;;;;;
o;marqués;marked;;;;マーク;;;;;;
o;mastication;chewing;;;;咀嚼;;;;;;
o;mastiquer;chew;;;;噛む;;;;;;
o;mastiquers;masticators;;;;咀嚼機;;;;;;
o;mastiquère;screen;;;;スクリーン;;;;;;
o;mastiquères;chews;;;;噛む;;;;;;
o;maturation;maturation;;;;成熟;;;;;;
o;maturationne;maturationne;;;;マチュレ;;;;;;
o;maturationnes;maturationnes;;;;成熟度;;;;;;
o;maturations;maturations;;;;成熟;;;;;;
o;mauvais engrènement;poor meshing;;;;かみ合わせの悪さ;;;;;;
o;mauvais engrènements;poor gearing;;;;ギアリングが悪い;;;;;;
o;mauvaise occlusion;bad bite;;;;悪い噛み合わせ;;;;;;
o;mauvaise position linguale;poor lingual position;;;;舌の位置が悪い;;;;;;
o;mauvaises occlusions;bad occlusions;;;;悪い咬合;;;;;;
o;mauvaises positions linguales;incorrect lingual positions;;;;誤った舌位;;;;;;
o;maux;ailments;;;;病気;;;;;;
o;maux placées;aches placed;;;;配置された痛み;;;;;;
o;maxillaire;maxilla;;;;上顎骨;;;;;;
o;maxillaire avancé;advanced maxilla;;;;高度な上顎骨;;;;;;
o;maxillaire en arrière;maxilla backwards;;;;上顎後方;;;;;;
o;maxillaire en avant;maxilla forward;;;;上顎前方;;;;;;
o;maxillaire en retrait;recessed maxilla;;;;凹型上顎骨;;;;;;
o;maxillaire proéminent;prominent maxilla;;;;隆起した上顎;;;;;;
o;maxillaire reculé;receded maxilla;;;;後退した上顎;;;;;;
o;maxillaires;maxilla;;;;上顎骨;;;;;;
o;maxillaires avancés;advanced maxillae;;;;高度な上顎骨;;;;;;
o;maxillaires ens arrières;maxillary ens posterior;;;;顎関節後面;;;;;;
o;maxillaires ens avants;maxillae ens avants;;;;上顎骨;;;;;;
o;maxillaires ens retraits;recessed jaws;;;;埋め込み式ジョー;;;;;;
o;maxillaires proéminents;prominent jaws;;;;出っ歯;;;;;;
o;maxillaires reculés;set-back jaws;;;;セットバック ジョー;;;;;;
o;mesure anb;anb measure;;;;ANB措置;;;;;;
o;mesure de wits;wits measurement;;;;ウィッツ測定;;;;;;
o;mesure sna;ans measure;;;;ANSメジャー;;;;;;
o;mesure snb;snb measure;;;;SNBの措置;;;;;;
o;mesures anbs;anb measures;;;;ANB対策;;;;;;
o;mesures snas;sna measures;;;;SNA対策;;;;;;
o;mesures snbs;snb measures;;;;SNBの措置;;;;;;
o;meulage;grinding;;;;研磨;;;;;;
o;meulages;grinding;;;;研磨;;;;;;
o;microdontie;microdontia;;;;小耳症;;;;;;
o;micrognathie;micrognathia;;;;小顎症;;;;;;
o;mini implant;mini implant;;;;ミニインプラント;;;;;;
o;mini-vis;mini-screw;;;;ミニスクリュー;;;;;;
o;mini-visse;mini screw;;;;ミニスクリュー;;;;;;
o;mini-visses;mini screws;;;;ミニスクリュー;;;;;;
o;minis implants;mini implants;;;;ミニインプラント;;;;;;
o;minivis;minivis;;;;ミニヴィス;;;;;;
o;mixed dentition;mixed dentition;;;;混合歯列;;;;;;
o;mixeds dentitions;mixeds dentitions;;;;混合歯列;;;;;;
o;modéré;moderate;;;;控えめ;;;;;;
o;modérée;moderate;;;;控えめ;;;;;;
o;modérées;moderate;;;;控えめ;;;;;;
o;modérés;moderate;;;;控えめ;;;;;;
o;molaire;molar;;;;大臼歯;;;;;;
o;molaire de douze ans;twelve-year-old molar;;;;12歳臼歯;;;;;;
o;molaire de six ans;six-year-old molar;;;;六歳臼歯;;;;;;
o;molaires des douzes ans;twelve-year-old molars;;;;12歳臼歯;;;;;;
o;molaires des six ans;six-year-old molars;;;;6歳臼歯;;;;;;
o;monitoring;monitoring;;;;モニタリング;;;;;;
o;monitorings;monitoring;;;;モニタリング;;;;;;
o;monitoringue;monitoringue;;;;モニタリング;;;;;;
o;monitoringues;monitoring;;;;モニタリング;;;;;;
o;monobloc;monobloc;;;;モノブロック;;;;;;
o;monoblocs;monoblocs;;;;モノブロック;;;;;;
o;monobloque;monobloc;;;;モノブロック;;;;;;
o;monobloques;monoblock;;;;モノブロック;;;;;;
o;morsure béante;gaping bite;;;;ぽかん;;;;;;
o;morsure croisée;cross bite;;;;クロスバイト;;;;;;
o;morsure inversée;reverse bite;;;;リバースバイト;;;;;;
o;morsure ouverte;open bite;;;;オープンバイト;;;;;;
o;morsure profonde;deep bite;;;;深噛み;;;;;;
o;morsures béantes;gaping bites;;;;ぽかん;;;;;;
o;morsures croisées;cross bites;;;;クロスバイト;;;;;;
o;morsures inversées;reverse bites;;;;逆バイト;;;;;;
o;morsures ouvertes;open bites;;;;オープンバイト;;;;;;
o;morsures profondes;deep bites;;;;ディープ・バイト;;;;;;
o;mort pulpaire;pulp death;;;;パルプ死;;;;;;
o;morts pulpaires;pulp deaths;;;;パルプ死;;;;;;
o;moulage;moulding;;;;成形;;;;;;
o;moulages;moulds;;;;金型;;;;;;
o;mouth breathing;mouth breathing;;;;口呼吸;;;;;;
o;mouths breathings;mouths breathings;;;;口呼吸;;;;;;
o;mouvement;movement;;;;ムーブメント;;;;;;
o;mouvement corporel;body movement;;;;身のこなし;;;;;;
o;mouvement d'intrusion;intrusion movement;;;;侵入の動き;;;;;;
o;mouvement de distalisation;distancing movement;;;;ディスタンス運動;;;;;;
o;mouvement de mésialisation;mesialization movement;;;;中耳化運動;;;;;;
o;mouvement de version;version movement;;;;バージョン移動;;;;;;
o;mouvemente;movement;;;;ムーブメント;;;;;;
o;mouvementes;movements;;;;動き;;;;;;
o;mouvements;movements;;;;動き;;;;;;
o;mouvements corporels;body movements;;;;身のこなし;;;;;;
o;mouvements d'intrusions;intrusion movements;;;;乱入の動き;;;;;;
o;mouvements des distalisations;distal movements;;;;遠位の動き;;;;;;
o;mouvements des mésialisations;mesialization movements;;;;中耳化運動;;;;;;
o;mouvements des versions;version movements;;;;バージョンの動き;;;;;;
o;mâcher;chew;;;;噛む;;;;;;
o;mâchers;chewing;;;;咀嚼;;;;;;
o;mâchoire trop grande;jaw too big;;;;顎が大きすぎる;;;;;;
o;mâchoire trop petite;jaw too small;;;;顎が小さすぎる;;;;;;
o;mâchoires trops grandes;jaws too large;;;;顎が大きすぎる;;;;;;
o;mâchoires trops petites;jaws too small;;;;顎が小さすぎる;;;;;;
o;mâchère;jaw;;;;顎;;;;;;
o;mâchères;jaws;;;;顎;;;;;;
o;mégalodontie;megalodontics;;;;メガロドンティックス;;;;;;
o;mégalodonties;megalodontia;;;;メガロドンティア;;;;;;
o;mésialisation;mesialization;;;;中耳化;;;;;;
o;mésio-occlusion;mesio-occlusion;;;;中間咬合;;;;;;
o;mésio-occlusionne;mesio-occlusionne;;;;メシオ・オクルージョン;;;;;;
o;mésio-occlusionnes;mesio-occlusal;;;;中胚葉性;;;;;;
o;mésio-occlusions;mesio-occlusions;;;;中間卵巣;;;;;;
o;mésiocclusion;mesiocclusion;;;;正中咬合;;;;;;
o;mésiocclusion dentaire;dental mesiocclusion;;;;歯科的中咬合;;;;;;
o;mésiocclusionne;mesiocclusionne;;;;メシオコンクリュージョン;;;;;;
o;mésiocclusionnes;mesiocclusions;;;;中黄咬合;;;;;;
o;mésiocclusions;mesiocclusions;;;;中黄咬合;;;;;;
o;mésiocclusions dentaires;dental mesiocclusions;;;;歯性中咬合;;;;;;
o;mésiodens;mesiodens;;;;中間膜;;;;;;
o;mésiodensse;mesiodensis;;;;メシオデンシス;;;;;;
o;mésiodensses;mesiodenses;;;;中間期;;;;;;
o;métal;metal;;;;メタル;;;;;;
o;métal inoxydable;non-corrodible metal;;;;非腐食性金属;;;;;;
o;métallique;metallic;;;;メタリック;;;;;;
o;métalliques;metal;;;;メタル;;;;;;
o;métaux inoxydables;stainless metals;;;;ステンレス金属;;;;;;
o;nail biting;nail biting;;;;爪噛み;;;;;;
o;nails bitings;nails bitings;;;;爪の食い込み;;;;;;
o;nanisme dentaire;dental dwarfism;;;;歯性小人症;;;;;;
o;nanismes dentaires;dental dwarfism;;;;歯性小人症;;;;;;
o;nasal breathing;nasal breathing;;;;鼻呼吸;;;;;;
o;nasaux breathings;nasal breathings;;;;鼻呼吸;;;;;;
o;nettoyage;cleaning;;;;クリーニング;;;;;;
o;nettoyage dentaire;dental cleaning;;;;歯科クリーニング;;;;;;
o;nettoyages;cleaning;;;;クリーニング;;;;;;
o;nettoyages dentaires;dental cleanings;;;;歯のクリーニング;;;;;;
o;neutrocclusion;neutrocclusion;;;;神経弛緩;;;;;;
o;neutrocclusionne;neutrocclusionne;;;;ニュートロクリュージョンネ;;;;;;
o;neutrocclusionnes;neutrocclusionnes;;;;ニュートロ;;;;;;
o;neutrocclusions;neutrocclusions;;;;神経弛緩症;;;;;;
o;nickel-titane;nickel-titanium;;;;ニッケルチタン;;;;;;
o;nickel-titanes;nickel-titanium;;;;ニッケルチタン;;;;;;
o;niti;niti;;;;ニティ;;;;;;
o;nitinol;nitinol;;;;ニチノール;;;;;;
o;nitinole;nitinole;;;;ニチノール;;;;;;
o;nitinoles;nitinoles;;;;ニチノール;;;;;;
o;nitinols;nitinols;;;;ニチノール;;;;;;
o;nocturne;night;;;;夜;;;;;;
o;nocturnes;nocturnal;;;;夜行性;;;;;;
o;normocclusion;normocclusion;;;;正常咬合;;;;;;
o;normocclusionne;normocclusion;;;;正常咬合;;;;;;
o;normocclusionnes;normocclusion;;;;正常咬合;;;;;;
o;normocclusions;normocclusions;;;;非正規結論;;;;;;
o;nécrose de la pulpe;pulp necrosis;;;;歯髄壊死;;;;;;
o;nécrose pulpaire;pulpal necrosis;;;;歯髄壊死;;;;;;
o;nécroses des las pulpes;necrosis of the pulp;;;;歯髄の壊死;;;;;;
o;obstructive sleep apnea;obstructive sleep apnea;;;;閉塞性睡眠時無呼吸症候群;;;;;;
o;obstructives sleeps apneas;obstructive sleep apneas;;;;閉塞性睡眠時無呼吸;;;;;;
o;occlusion croisée;cross bite;;;;クロスバイト;;;;;;
o;occlusion inverse;reverse bite;;;;リバースバイト;;;;;;
o;occlusion inversée;reverse bite;;;;リバースバイト;;;;;;
o;occlusion normale;normal occlusion;;;;通常の閉塞;;;;;;
o;occlusions inverses;reverse occlusions;;;;逆咬合;;;;;;
o;occlusions inversées;reverse occlusions;;;;逆咬合;;;;;;
o;occlusions normales;normal occlusions;;;;通常の咬合;;;;;;
o;oligodontie;oligodonty;;;;オリゴドンティ;;;;;;
o;oligodonties;oligodontia;;;;寡歯症;;;;;;
o;onychophagie;onychophagy;;;;異食症;;;;;;
o;open bite;open cock;;;;オープンコック;;;;;;
o;openbite;openbite;;;;オープンバイト;;;;;;
o;opg;opg;;;;オッペグ;;;;;;
o;opgs;opgs;;;;OPG;;;;;;
o;opgue;opgue;;;;オプジーグ;;;;;;
o;opgues;opgues;;;;OPGues;;;;;;
o;opération;operation;;;;操作;;;;;;
o;opération mâchoire;jaw operation;;;;ジョー操作;;;;;;
o;opérationne;operationne;;;;オペレーション;;;;;;
o;opérationnes;operations;;;;オペレーション;;;;;;
o;opérations;operations;;;;オペレーション;;;;;;
o;opérations mâchoires;jaw operations;;;;ジョー・オペレーション;;;;;;
o;orthognathic surgery;orthognathic surgery;;;;顎矯正手術;;;;;;
o;orthognathics surgerys;orthognathics surgerys;;;;顎矯正手術;;;;;;
o;orthopantomogramme;orthopantomogram;;;;オルソパントモグラム;;;;;;
o;orthopantomogrammes;orthopantomograms;;;;オルソパントモグラム;;;;;;
o;osa;osa;;;;オーエスエー;;;;;;
o;osas;osas;;;;OSAs（オーエスエーエス;;;;;;
o;ostéoarthrite;osteoarthritis;;;;骨関節炎;;;;;;
o;ostéoarthrites;osteoarthritis;;;;骨関節炎;;;;;;
o;ostéotomie;osteotomy;;;;骨切り;;;;;;
o;overbite;overbite;;;;出っ歯;;;;;;
o;overjet;overjet;;;;オーバージェット;;;;;;
o;overjet augmenté;overjet increased;;;;オーバージェットの増加;;;;;;
o;pacifier;pacify;;;;なだめる;;;;;;
o;pacifiers;pacifiers;;;;おしゃぶり;;;;;;
o;pacifière;pacifier;;;;おしゃぶり;;;;;;
o;pacifières;pacifiers;;;;おしゃぶり;;;;;;
o;pain;bread;;;;パン;;;;;;
o;paine;paine;;;;ペイン;;;;;;
o;paines;sheaths;;;;シース;;;;;;
o;pains;bread;;;;パン;;;;;;
o;panoramique;panoramic;;;;パノラマ;;;;;;
o;panoramique dentaire;dental panoramic;;;;デンタル・パノラマ;;;;;;
o;panoramiques dentaires;dental panoramas;;;;デンタル・パノラマ;;;;;;
o;panoresse;panoresse;;;;パノレッセ;;;;;;
o;panoresses;panoramas;;;;パノラマ;;;;;;
o;panorex;panorex;;;;パノレックス;;;;;;
o;parfait;perfect;;;;パーフェクト;;;;;;
o;parfaite;perfect;;;;パーフェクト;;;;;;
o;parfaites;perfect;;;;パーフェクト;;;;;;
o;parfaits;perfect;;;;パーフェクト;;;;;;
o;parler;speak;;;;話す;;;;;;
o;parlers;languages;;;;言語;;;;;;
o;parlère;parlère;;;;パレール;;;;;;
o;parlères;talk;;;;トーク;;;;;;
o;parodontite;periodontitis;;;;歯周炎;;;;;;
o;parodontites;periodontitis;;;;歯周炎;;;;;;
o;parodontopathie;periodontal disease;;;;歯周病;;;;;;
o;parodontopathies;periodontal disease;;;;歯周病;;;;;;
o;parole;word;;;;単語;;;;;;
o;paroles;words;;;;言葉;;;;;;
o;pendulum;pendulum;;;;振り子;;;;;;
o;periodontal disease;periodontal disease;;;;歯周病;;;;;;
o;periodontaux diseases;periodontal diseases;;;;歯周病;;;;;;
o;permanent dentition;permanent teeth;;;;永久歯;;;;;;
o;permanents dentitions;permanent teeth;;;;永久歯;;;;;;
o;permutation dentaire;dental permutation;;;;歯列順列;;;;;;
o;permutations dentaires;dental permutations;;;;デンタルパーマ;;;;;;
o;perte de dents;tooth loss;;;;歯の喪失;;;;;;
o;pertes des dents;tooth loss;;;;歯の喪失;;;;;;
o;petite molaire;small molar;;;;小臼歯;;;;;;
o;petite mâchoire;small jaw;;;;小顎;;;;;;
o;petites molaires;small molars;;;;小臼歯;;;;;;
o;petites mâchoires;small jaws;;;;小顎;;;;;;
o;phonation;phonation;;;;フォネーション;;;;;;
o;pic;peak;;;;ピーク;;;;;;
o;pics;peaks;;;;ピーク;;;;;;
o;pique;pic;;;;ピック;;;;;;
o;piques;spades;;;;スペード;;;;;;
o;plaque;plate;;;;プレート;;;;;;
o;plaque amovible;removable plate;;;;取り外し可能なプレート;;;;;;
o;plaque de contention;support plate;;;;サポートプレート;;;;;;
o;plaque orthodontique;orthodontic plate;;;;歯列矯正プレート;;;;;;
o;plaques;plates;;;;皿;;;;;;
o;plaques des contentions;restraint plates;;;;拘束板;;;;;;
o;plaques orthodontiques;orthodontic plates;;;;歯列矯正プレート;;;;;;
o;polissage interproximal;interproximal polishing;;;;歯間研磨;;;;;;
o;polissages interproximaux;interproximal polishing;;;;歯間研磨;;;;;;
o;popping;popping;;;;ポッピング;;;;;;
o;poppings;poppings;;;;ポッピング;;;;;;
o;poppingue;poppingue;;;;ポッピングエ;;;;;;
o;poppingues;poppingues;;;;パップ;;;;;;
o;position de la mandibule;position of the mandible;;;;下顎の位置;;;;;;
o;position du maxillaire;position of the jaw;;;;顎の位置;;;;;;
o;position ectopique;ectopic position;;;;子宮外;;;;;;
o;position linguale basse;low lingual position;;;;舌側低位;;;;;;
o;position mandibulaire;mandibular position;;;;下顎位;;;;;;
o;position maxillaire;jaw position;;;;顎位;;;;;;
o;positions des las mandibules;positions of the mandibles;;;;大あごの位置;;;;;;
o;positions dus maxillaires;maxillary positions;;;;顎位;;;;;;
o;positions ectopiques;ectopic positions;;;;異所性;;;;;;
o;positions linguales basses;low lingual positions;;;;舌側低位;;;;;;
o;positions mandibulaires;mandibular positions;;;;下顎位;;;;;;
o;positions maxillaires;jaw positions;;;;顎位;;;;;;
o;post-traumatique;post-traumatic;;;;心的外傷後;;;;;;
o;post-traumatiques;post-traumatic;;;;心的外傷後;;;;;;
o;postérieur;back;;;;バック;;;;;;
o;postérieurs;posterior;;;;後;;;;;;
o;postérieuse;rear;;;;リア;;;;;;
o;postérieuses;posteriors;;;;後席;;;;;;
o;pouce;thumb;;;;親指;;;;;;
o;pouces;inches;;;;インチ;;;;;;
o;poussée linguale;lingual thrust;;;;舌側スラスト;;;;;;
o;poussées linguales;lingual thrusts;;;;舌突き;;;;;;
o;powerscope;powerscope;;;;パワースコープ;;;;;;
o;premier;first;;;;第一;;;;;;
o;premiers;first;;;;第一;;;;;;
o;première;first;;;;第一;;;;;;
o;premières;first;;;;第一;;;;;;
o;premolaire;premolar;;;;前臼歯;;;;;;
o;premolaires;premolars;;;;前歯;;;;;;
o;primaire;primary;;;;プライマリー;;;;;;
o;primaires;primary;;;;プライマリー;;;;;;
o;primary dentition;primary dentition;;;;第一次歯列;;;;;;
o;primarys dentitions;primarys dentitions;;;;乳歯列;;;;;;
o;prise d'empreinte;impression taking;;;;インプレッション・テイキング;;;;;;
o;prises d'empreintes;fingerprinting;;;;指紋押捺;;;;;;
o;proalvéolie;proalveolysis;;;;前弁膜溶解;;;;;;
o;problème;problem;;;;問題;;;;;;
o;problème d'occlusion;bite problem;;;;噛み合わせの問題;;;;;;
o;problèmes;problems;;;;問題点;;;;;;
o;problèmes d'occlusions;occlusion problems;;;;咬合の問題;;;;;;
o;prochéilie;project;;;;プロジェクト;;;;;;
o;prochéilies;procheilies;;;;家族;;;;;;
o;proclusion;proclusion;;;;プロージョン;;;;;;
o;proclusionne;proclusionne;;;;プロージョンヌ;;;;;;
o;proclusionnes;proclusionnes;;;;プロージョンネス;;;;;;
o;proclusions;proclusions;;;;禁止事項;;;;;;
o;profil;profile;;;;プロフィール;;;;;;
o;profille;profille;;;;プロフィーユ;;;;;;
o;profilles;profiles;;;;プロフィール;;;;;;
o;profils;profiles;;;;プロフィール;;;;;;
o;proglissement;slippage;;;;ずれ;;;;;;
o;proglissement fonctionnel;functional sliding;;;;機能的スライディング;;;;;;
o;proglissement mandibulaire;mandibular slippage;;;;下顎すべり症;;;;;;
o;proglissemente;proglissemente;;;;プログロッセメンテ;;;;;;
o;proglissementes;slides;;;;スライド;;;;;;
o;proglissements;slippage;;;;ずれ;;;;;;
o;proglissements fonctionnels;functional slides;;;;機能スライド;;;;;;
o;prognathie;prognathia;;;;予後;;;;;;
o;prognathie dentaire;overshot teeth;;;;オーバーショット;;;;;;
o;prognathie mandibulaire;mandibular prognathia;;;;下顎前突症;;;;;;
o;prognathie maxillaire;maxillary prognathia;;;;上顎前突症;;;;;;
o;prognathies dentaires;overshot teeth;;;;オーバーショット;;;;;;
o;prognathies mandibulaires;mandibular prognathia;;;;下顎前突症;;;;;;
o;prognathies maxillaires;maxillary prognathia;;;;上顎前突症;;;;;;
o;prognathisme mandibulaire;overshot mandible;;;;下顎;;;;;;
o;prognathisme maxillaire;overshot mouth;;;;下顎;;;;;;
o;programmé;programmed;;;;予定通り;;;;;;
o;programmée;programmed;;;;予定通り;;;;;;
o;programmées;programmed;;;;予定通り;;;;;;
o;programmés;programmed;;;;予定通り;;;;;;
o;proinclinaison;proinclination;;;;性向;;;;;;
o;proinclinaisonne;proinclinaisonne;;;;プロインクリネゾンヌ;;;;;;
o;proinclinaisonnes;proinclinaisonnes;;;;プロインクリネゾンネス;;;;;;
o;proinclinaisons;proinclinations;;;;性癖;;;;;;
o;projection;projection;;;;投影;;;;;;
o;projection en avant;forward projection;;;;前方投影;;;;;;
o;projectionne;projectionne;;;;プロジェクション;;;;;;
o;projectionnes;projections;;;;プロジェクション;;;;;;
o;projections;projections;;;;プロジェクション;;;;;;
o;projections ens avants;projections ens avants;;;;プロジェクション・アンセ・アヴァンス;;;;;;
o;prononcé;pronounced;;;;色濃い;;;;;;
o;prononcée;pronounced;;;;色濃い;;;;;;
o;prononcées;pronounced;;;;色濃い;;;;;;
o;prononcés;pronounced;;;;色濃い;;;;;;
o;prophylaxie;prophylaxis;;;;予防;;;;;;
o;prophylaxies;prophylaxis;;;;予防;;;;;;
o;propulseur classe ii;class ii propellant;;;;クラスIIエンジン;;;;;;
o;propulsor;propulsor;;;;すいしんき;;;;;;
o;protrusion;protrusion;;;;突出;;;;;;
o;protrusionne;protrudes;;;;出っ張る;;;;;;
o;protrusionnes;protrusion;;;;突出;;;;;;
o;protrusions;protrusions;;;;突起物;;;;;;
o;prémolaire;premolar;;;;前臼歯;;;;;;
o;pubertaire;puberty;;;;思春期;;;;;;
o;pubertaires;puberty;;;;思春期;;;;;;
o;pulpe nécrosée;necrotic pulp;;;;壊死性パルプ;;;;;;
o;pulpes nécrosées;necrotic pulp;;;;壊死性パルプ;;;;;;
o;quad helix;quad helix;;;;クワッドヘリックス;;;;;;
o;quadri-hélisse;four-coat;;;;フォーコート;;;;;;
o;quadri-hélisses;quad helix;;;;クワッドヘリックス;;;;;;
o;quadri-hélix;quadri-helix;;;;クアドリヘリックス;;;;;;
o;quads helix;helix quad bikes;;;;ヘリックス四輪バイク;;;;;;
o;quatrième;fourth;;;;第四;;;;;;
o;quatrièmes;fourth;;;;第四;;;;;;
o;raccourcissement radiculaire;root shortening;;;;ルート・ショートニング;;;;;;
o;raccourcissements radiculaires;root shortening;;;;ルート・ショートニング;;;;;;
o;racine qui se résorbe;resorbing root;;;;吸収根;;;;;;
o;racines quis ses résorbes;roots that are resorbed;;;;吸収された根;;;;;;
o;radio;radio;;;;ラジオ;;;;;;
o;radio de profil;profile radio;;;;プロフィールラジオ;;;;;;
o;radio panoramique;panoramic radio;;;;パノラマ・ラジオ;;;;;;
o;radiographie;radiography;;;;ラジオグラフィー;;;;;;
o;radiographie de profil;profile radiography;;;;プロファイルX線撮影;;;;;;
o;radiographie panoramique;panoramic radiograph;;;;パノラマX線写真;;;;;;
o;radiographies;radiographs;;;;レントゲン写真;;;;;;
o;radiographies des profils;profile radiographs;;;;プロファイルX線写真;;;;;;
o;radiographies panoramiques;panoramic radiographs;;;;パノラマX線写真;;;;;;
o;radios;radios;;;;ラジオ;;;;;;
o;radios des profils;profile radios;;;;プロファイル無線機;;;;;;
o;radios panoramiques;panoramic radiographs;;;;パノラマX線写真;;;;;;
o;receding gums;receding gums;;;;歯茎の後退;;;;;;
o;recedings gums;recedings gums;;;;歯茎の後退;;;;;;
o;rechute;relapse;;;;再発;;;;;;
o;rechutes;relapses;;;;再燃;;;;;;
o;recidive;repeat offences;;;;再犯;;;;;;
o;recouvrement horizontal;horizontal overlap;;;;水平オーバーラップ;;;;;;
o;recouvrement vertical excessif;excessive vertical overlap;;;;過剰な垂直オーバーラップ;;;;;;
o;recouvrements horizontaux;horizontal overlaps;;;;水平オーバーラップ;;;;;;
o;recouvrements verticaux excessifs;excessive vertical overlaps;;;;過度の垂直オーバーラップ;;;;;;
o;recul;back;;;;バック;;;;;;
o;reculle;back off;;;;後ずさる;;;;;;
o;reculles;back off;;;;後ずさる;;;;;;
o;reculs;setbacks;;;;セットバック;;;;;;
o;reculée;remote;;;;リモート;;;;;;
o;reculées;remote;;;;リモート;;;;;;
o;redressement;turnaround;;;;ターンアラウンド;;;;;;
o;redressemente;turnaround;;;;ターンアラウンド;;;;;;
o;redressementes;turnaround;;;;ターンアラウンド;;;;;;
o;redressements;turnarounds;;;;ターンアラウンド;;;;;;
o;relapse;relapse;;;;再発;;;;;;
o;relapses;relapses;;;;再燃;;;;;;
o;relation antéropostérieure;anteroposterior relationship;;;;前後関係;;;;;;
o;relation intermaxillaire;intermaxillary relationship;;;;顎間関係;;;;;;
o;relation maxillo-mandibulaire;maxillo-mandibular relationship;;;;顎関節関係;;;;;;
o;relation molaire de classe i;class i molar relationship;;;;クラスIモル関係;;;;;;
o;relation molaire neutre;neutral molar relationship;;;;中性モル関係;;;;;;
o;relations antéropostérieures;anteroposterior relations;;;;前後関係;;;;;;
o;relations intermaxillaires;intermaxillary relations;;;;顎間関係;;;;;;
o;relations maxillo-mandibulaires;maxillo-mandibular relations;;;;顎顎関係;;;;;;
o;relations molaires neutres;neutral molar relations;;;;中性モル関係;;;;;;
o;removable appliance;removable appliance;;;;リムーバブル・アプライアンス;;;;;;
o;removables appliances;removable appliances;;;;取り外し可能な家電製品;;;;;;
o;rendez-vous;appointment;;;;アポイントメント;;;;;;
o;rendez-vousse;appointmentse;;;;アポイントメント;;;;;;
o;rendez-vousses;appointments;;;;アポイントメント;;;;;;
o;resin composite;resin composite;;;;レジン・コンポジット;;;;;;
o;resins composites;composite resins;;;;複合樹脂;;;;;;
o;respirateur buccal;oral respirator;;;;経口呼吸器;;;;;;
o;respirateurs buccaux;oral respirators;;;;経口呼吸器;;;;;;
o;respiration buccale;mouth breathing;;;;口呼吸;;;;;;
o;respiration nasale;nasal breathing;;;;鼻呼吸;;;;;;
o;respiration orale;oral respiration;;;;口呼吸;;;;;;
o;respiration par la bouche;mouth breathing;;;;口呼吸;;;;;;
o;respiration par le nez;breathing through the nose;;;;鼻呼吸;;;;;;
o;respirations nasales;nasal breathing;;;;鼻呼吸;;;;;;
o;respirations orales;oral respiration;;;;口呼吸;;;;;;
o;respirations pars las bouches;respirations pars las bouches;;;;呼吸;;;;;;
o;respirations pars les nez;nose breathing;;;;鼻呼吸;;;;;;
o;ressaut articulaire;joint protrusion;;;;関節突出部;;;;;;
o;ressaut atm;atm projection;;;;アトムジャンプ;;;;;;
o;ressauts atms;atm jumps;;;;ATMジャンプ;;;;;;
o;restauration en composite;composite restoration;;;;複合修復;;;;;;
o;restaurations ens composites;composite restorations;;;;コンポジットレストレーション;;;;;;
o;retention;retention;;;;保持;;;;;;
o;retentionne;retentionne;;;;保持;;;;;;
o;retentionnes;retention;;;;保持;;;;;;
o;retentions;retentions;;;;留保;;;;;;
o;retour;back;;;;バック;;;;;;
o;retoure;return;;;;戻る;;;;;;
o;retoures;returns;;;;収益;;;;;;
o;retours;returns;;;;収益;;;;;;
o;rhizalyse;rhizalysis;;;;根粒分析;;;;;;
o;rhizalyses;rhizalysis;;;;根粒分析;;;;;;
o;ronflement;snoring;;;;いびき;;;;;;
o;ronflemente;snore;;;;いびきをかく;;;;;;
o;ronflementes;snoring;;;;いびき;;;;;;
o;ronflements;snoring;;;;いびき;;;;;;
o;ronger les ongles;nail biting;;;;爪噛み;;;;;;
o;rongers les ongles;nail biting;;;;爪噛み;;;;;;
o;rotation;rotation;;;;ローテーション;;;;;;
o;rotation axiale;axial rotation;;;;軸回転;;;;;;
o;rotation radiculaire;root rotation;;;;ルート回転;;;;;;
o;rotations axiales;axial rotations;;;;軸回転;;;;;;
o;rotations radiculaires;root rotations;;;;ルート・ローテーション;;;;;;
o;rubber bands;rubber bands;;;;輪ゴム;;;;;;
o;rubbers bands;rubbers bands;;;;ゴムバンド;;;;;;
o;récession gingivale;gingival recession;;;;歯肉退縮;;;;;;
o;récession parodontale;periodontal recession;;;;歯周後退;;;;;;
o;récessions parodontales;periodontal recessions;;;;歯周後退;;;;;;
o;récidive;relapse;;;;再発;;;;;;
o;récidive orthodontique;orthodontic recurrence;;;;歯列矯正の再発;;;;;;
o;réductible;reducible;;;;かぎゃくかのう;;;;;;
o;réductibles;reducible;;;;かぎゃくかのう;;;;;;
o;réduction amélaire;tooth reduction;;;;減歯;;;;;;
o;réduction interproximale;interproximal reduction;;;;歯間還元;;;;;;
o;réductions amélaires;ameloid reductions;;;;骨髄減少;;;;;;
o;réductions interproximales;interproximal reductions;;;;歯間減少;;;;;;
o;résine composite;composite resin;;;;コンポジットレジン;;;;;;
o;résines composites;composite resins;;;;複合樹脂;;;;;;
o;résorption apicale;apical resorption;;;;頂端吸収;;;;;;
o;résorption de la racine;root resorption;;;;歯根吸収;;;;;;
o;résorption radiculaire;root resorption;;;;歯根吸収;;;;;;
o;résorptions apicales;apical resorptions;;;;頂端吸収;;;;;;
o;résorptions des las racines;root resorptions;;;;根の吸収;;;;;;
o;rétraction gingivale;gingival retraction;;;;歯肉退縮;;;;;;
o;rétractions gingivales;gingival retractions;;;;歯肉退縮;;;;;;
o;rétroalvéolie;retroalveolus;;;;レトロアルベオラス;;;;;;
o;rétrochéilie;retrocheilia;;;;レトロケイリア;;;;;;
o;rétrochéilies;back issues;;;;バックナンバー;;;;;;
o;rétrognathe;retrognathe;;;;レトログナテ;;;;;;
o;rétrognathes;retrognathes;;;;後鰓類;;;;;;
o;rétrognathie;retrognathy;;;;後遺症;;;;;;
o;rétrognathie dentaire;retrognathia;;;;逆ナタ症;;;;;;
o;rétrognathie mandibulaire;mandibular retrognathia;;;;下顎後屈;;;;;;
o;rétrognathie maxillaire;maxillary retrognathia;;;;上顎前突;;;;;;
o;rétrognathies dentaires;retrognathia of the teeth;;;;歯の後傾;;;;;;
o;rétroinclinaison;retro-tilt;;;;レトロチルト;;;;;;
o;rétroinclinaisonne;backward tilting;;;;後傾;;;;;;
o;rétroinclinaisonnes;backward tilt;;;;後傾;;;;;;
o;rétroinclinaisons;tilt back;;;;チルトバック;;;;;;
o;rétromandibulaire;retromandibular;;;;後顎;;;;;;
o;rétromandibulaires;retromandibular;;;;後顎;;;;;;
o;rétromandibulisme;retromandibulism;;;;レトロマンディビュリズム;;;;;;
o;rétromandibulismes;retromandibulisms;;;;レトロマンディビュリズム;;;;;;
o;rétromaxillaire;retromaxillary;;;;腋窩後部;;;;;;
o;rétromaxillaires;retromaxillary;;;;腋窩後部;;;;;;
o;rétroposition;retroposition;;;;後置;;;;;;
o;rétropositionne;return to;;;;戻る;;;;;;
o;rétropositionnes;retroposition;;;;後置;;;;;;
o;rétropositions;retropositions;;;;後遺症;;;;;;
o;rétrusion;retrofusion;;;;逆流;;;;;;
o;rétrusion dentaire;dental retrofusion;;;;デンタルレトロフュージョン;;;;;;
o;rétrusions dentaires;dental re-entries;;;;歯科再入院;;;;;;
o;saos;osa;;;;オーエスエー;;;;;;
o;saosse;saosse;;;;サオセ;;;;;;
o;saosses;saosses;;;;サオス;;;;;;
o;scaling;scaling;;;;拡大縮小;;;;;;
o;scalings;scalings;;;;スケーリング;;;;;;
o;scalingue;scalingue;;;;スケーリング;;;;;;
o;scalingues;scalingues;;;;スケーリング;;;;;;
o;scan 3d;3d scan;;;;3Dスキャン;;;;;;
o;scan numérique;digital scan;;;;デジタルスキャン;;;;;;
o;scanner;scanner;;;;スキャナー;;;;;;
o;scanner intra-oral;intra-oral scanner;;;;口腔内スキャナー;;;;;;
o;scans numériques;digital scans;;;;デジタルスキャン;;;;;;
o;se ronger les ongles;nail biting;;;;爪噛み;;;;;;
o;sensibilité;sensitivity;;;;感性;;;;;;
o;sensibilitée;sensitivity;;;;感性;;;;;;
o;sensibilitées;sensitivities;;;;感受性;;;;;;
o;sensibilités;sensitivities;;;;感受性;;;;;;
o;separator;separator;;;;セパレータ;;;;;;
o;separatore;separatore;;;;セパレータ;;;;;;
o;separatores;separatores;;;;セパレーター;;;;;;
o;separators;separators;;;;分離器;;;;;;
o;septique;septic;;;;腐敗性;;;;;;
o;septiques;septic;;;;腐敗性;;;;;;
o;serrement;tightening;;;;引き締め;;;;;;
o;serremente;tightening;;;;引き締め;;;;;;
o;serrementes;clamps;;;;クランプ;;;;;;
o;serrements;clamping;;;;締め付け;;;;;;
o;ses rongers les ongles;nail biting;;;;爪噛み;;;;;;
o;sixième;sixth;;;;第六;;;;;;
o;sixièmes;sixth;;;;第六;;;;;;
o;sleep apnea;sleep apnea;;;;睡眠時無呼吸症候群;;;;;;
o;sleeps apneas;sleeps apneas;;;;睡眠時無呼吸;;;;;;
o;slicing;slicing;;;;スライシング;;;;;;
o;slicings;slicings;;;;スライシングス;;;;;;
o;slicingue;slicing;;;;スライシング;;;;;;
o;slicingues;slicingues;;;;スライサー;;;;;;
o;sna;sna;;;;SNA;;;;;;
o;snb;snb;;;;エスエヌビー;;;;;;
o;sortie dentaire;dental outing;;;;歯科見学;;;;;;
o;sorties dentaires;dental outings;;;;歯科外来;;;;;;
o;souffrir;suffer;;;;苦しむ;;;;;;
o;souffrire;suffer;;;;苦しむ;;;;;;
o;souffrires;suffering;;;;苦しみ;;;;;;
o;souffrirs;suffering;;;;苦しみ;;;;;;
o;sous-dimensionnement dentaire;dental undersizing;;;;デンタルアンダーサイジング;;;;;;
o;sous-dimensionnements dentaires;dental undersizing;;;;デンタルアンダーサイジング;;;;;;
o;sous-occlusion antérieure;anterior underbite;;;;前下咬合;;;;;;
o;sous-occlusion dentaire;dental underbite;;;;アンダーバイト;;;;;;
o;sous-occlusions antérieures;anterior sub-occlusions;;;;前下咬合;;;;;;
o;sous-occlusions dentaires;dental underbites;;;;アンダーバイト;;;;;;
o;sous-éruption;sub-eruption;;;;サブイラプション;;;;;;
o;sous-éruptionne;sub-eruption;;;;サブイラプション;;;;;;
o;sous-éruptionnes;sub-eruptions;;;;サブ噴火;;;;;;
o;sous-éruptions;sub-eruptions;;;;サブ噴火;;;;;;
o;space;space;;;;スペース;;;;;;
o;space maintainer;space maintainer;;;;スペースメンテナー;;;;;;
o;spaces;spaces;;;;スペース;;;;;;
o;spaces maintainers;spaces maintainers;;;;スペース管理者;;;;;;
o;spacing;spacing;;;;スペーシング;;;;;;
o;speech;speech;;;;スピーチ;;;;;;
o;speeche;speeche;;;;シュペーシュ;;;;;;
o;speeches;speeches;;;;スピーチ;;;;;;
o;speechs;speeches;;;;スピーチ;;;;;;
o;stabilisation;stabilisation;;;;安定化;;;;;;
o;stabilisationne;stabilisationne;;;;スタビライゼーション;;;;;;
o;stabilisationnes;stabilisation;;;;安定化;;;;;;
o;stabilisations;stabilisations;;;;安定化;;;;;;
o;steel;steel;;;;スチール;;;;;;
o;steelle;steelle;;;;スティール;;;;;;
o;steelles;steelles;;;;鋼鉄;;;;;;
o;steels;steels;;;;鋼;;;;;;
o;straightening;straightening;;;;矯正;;;;;;
o;straightenings;straightenings;;;;矯正;;;;;;
o;straighteningue;straightening;;;;矯正;;;;;;
o;straighteningues;straighteningues;;;;ストレートネス;;;;;;
o;stripping;stripping;;;;ストリップ;;;;;;
o;subdivision;subdivision;;;;サブディビジョン;;;;;;
o;succion;suction;;;;サクション;;;;;;
o;suce le pouce;thumb sucking;;;;親指しゃぶり;;;;;;
o;sucer;suck;;;;吸う;;;;;;
o;sucers;sugars;;;;糖類;;;;;;
o;suces les pouces;sucking thumbs;;;;親指しゃぶり;;;;;;
o;sucotement;sucotement;;;;スクートメント;;;;;;
o;sucotemente;sucotemente;;;;スコーテメンテ;;;;;;
o;sucotementes;sweets;;;;お菓子;;;;;;
o;sucotements;sucking;;;;吸い上げ;;;;;;
o;sucère;sweetener;;;;水金;;;;;;
o;sucères;sugars;;;;糖類;;;;;;
o;suivi;follow-up;;;;フォローアップ;;;;;;
o;suivie;followed;;;;続く;;;;;;
o;suivies;followed;;;;続く;;;;;;
o;suivis;follow-up;;;;フォローアップ;;;;;;
o;supernuméraire;supernumerary;;;;エクストラ;;;;;;
o;supernuméraires;supernumeraries;;;;特待生;;;;;;
o;superélastique;superelastic;;;;超弾性;;;;;;
o;superélastiques;superelastic;;;;超弾性;;;;;;
o;supra-position;supra-position;;;;じょうい;;;;;;
o;supra-positionne;supra-positionne;;;;超ポジション;;;;;;
o;supra-positionnes;over-positioned;;;;オーバーポジション;;;;;;
o;supra-positions;supra-positions;;;;役職;;;;;;
o;supra-éruption;supra-eruption;;;;上疹;;;;;;
o;supra-éruptionne;supra-eruption;;;;上疹;;;;;;
o;supra-éruptionnes;supra-eruptions;;;;超発疹;;;;;;
o;supra-éruptions;supra-eruptions;;;;超発疹;;;;;;
o;supraclusion;supraclusion;;;;上包接;;;;;;
o;supraocclusion;overbite;;;;出っ歯;;;;;;
o;supraocclusionne;overbite;;;;出っ歯;;;;;;
o;supraocclusionnes;overbite;;;;出っ歯;;;;;;
o;supraocclusions;overbite;;;;出っ歯;;;;;;
o;supraposition;supraposition;;;;上代;;;;;;
o;supérieur;superior;;;;より良い;;;;;;
o;supérieurs;higher;;;;より高い;;;;;;
o;supérieuse;superior;;;;より良い;;;;;;
o;supérieuses;superior;;;;より良い;;;;;;
o;surdimensionnement dentaire;oversized teeth;;;;過大歯;;;;;;
o;surdimensionnements dentaires;oversized teeth;;;;過大歯;;;;;;
o;surfaçage;surfacing;;;;浮上;;;;;;
o;surfaçages;surfaces;;;;浮上;;;;;;
o;surgery;surgery;;;;外科手術;;;;;;
o;surgerys;surgerys;;;;外科;;;;;;
o;surjet;overlock;;;;オーバーロック;;;;;;
o;surjets;overlays;;;;オーバーレイ;;;;;;
o;surjète;surjète;;;;スルジェット;;;;;;
o;surjètes;surjètes;;;;スルジェ;;;;;;
o;surplomb;overhang;;;;張り出し;;;;;;
o;surplomb horizontal accru;increased horizontal overhang;;;;水平張り出しの増加;;;;;;
o;surplomb horizontal augmenté;increased horizontal overhang;;;;水平方向の張り出しの増加;;;;;;
o;surplombs horizontaux accrus;increased horizontal overhangs;;;;水平オーバーハングの増加;;;;;;
o;surplombs horizontaux augmentés;increased horizontal overlaps;;;;水平方向のオーバーラップの増加;;;;;;
o;surveiller;monitor;;;;モニター;;;;;;
o;surveillers;supervisors;;;;監督;;;;;;
o;surveillère;supervisor;;;;監督;;;;;;
o;surveillères;lifeguards;;;;ライフガード;;;;;;
o;swallowing;swallowing;;;;呑み込み;;;;;;
o;syndrome d'apnées obstructives du sommeil;obstructive sleep apnoea syndrome;;;;閉塞性睡眠時無呼吸症候群;;;;;;
o;syndromes d'apnées obstructives dus sommeils;obstructive sleep apnoea syndromes;;;;閉塞性睡眠時無呼吸症候群;;;;;;
o;système de bielles;connecting rod system;;;;コネクティングロッドシステム;;;;;;
o;systèmes des bielles;connecting rod systems;;;;コネクティングロッドシステム;;;;;;
o;séparateur;separator;;;;セパレータ;;;;;;
o;séparateurs;separators;;;;分離器;;;;;;
o;séparatrice;separator;;;;セパレータ;;;;;;
o;séparatrices;separators;;;;分離器;;;;;;
o;sévère;severe;;;;厳しい;;;;;;
o;sévères;severe;;;;厳しい;;;;;;
o;tads;tads;;;;タッズ;;;;;;
o;tadsse;tadsse;;;;タッセ;;;;;;
o;tadsses;tadsses;;;;タデス;;;;;;
o;tie;tie;;;;ネクタイ;;;;;;
o;ties;ties;;;;絆;;;;;;
o;tipping;tipping;;;;ティッピング;;;;;;
o;tippings;tippings;;;;ティッピング;;;;;;
o;tippingue;tippingue;;;;ティッピングエ;;;;;;
o;tippingues;tipping;;;;ティッピング;;;;;;
o;titane;titanium;;;;チタン;;;;;;
o;titanes;titanium;;;;チタン;;;;;;
o;titanium;titanium;;;;チタン;;;;;;
o;titaniume;titaniume;;;;チタン;;;;;;
o;titaniumes;titaniums;;;;チタン;;;;;;
o;titaniums;titaniums;;;;チタン;;;;;;
o;tmd;tdg;;;;TDG;;;;;;
o;tmde;tmde;;;;TMDe;;;;;;
o;tmdes;tmdes;;;;TMDes;;;;;;
o;tmds;tmds;;;;TMD;;;;;;
o;tmj;tmj;;;;TMJ;;;;;;
o;tmje;tmje;;;;TMJe;;;;;;
o;tmjes;tmjes;;;;TMJes;;;;;;
o;tmjs;tmjs;;;;顎関節症;;;;;;
o;tomodensitométrie;computed tomography;;;;コンピューター断層撮影法;;;;;;
o;tomodensitométries;ct scans;;;;CTスキャン;;;;;;
o;tomographie;tomography;;;;トモグラフィー;;;;;;
o;tomographies;tomographies;;;;トモグラフィー;;;;;;
o;tongue thrust;tongue thrust;;;;舌打ち;;;;;;
o;tongues thrusts;tongues thrusts;;;;舌突き;;;;;;
o;tooth decay;tooth decay;;;;虫歯;;;;;;
o;tooths decays;tooths decays;;;;くし;;;;;;
o;torque;torque;;;;トルク;;;;;;
o;torsion radiculaire;root torsion;;;;根のねじれ;;;;;;
o;torsions radiculaires;root torsion;;;;根のねじれ;;;;;;
o;total;total;;;;合計;;;;;;
o;totale;total;;;;合計;;;;;;
o;totales;total;;;;合計;;;;;;
o;totaux;totals;;;;合計;;;;;;
o;traitement interceptif;interceptive treatment;;;;インターセプティブ治療;;;;;;
o;traitement précoce;early treatment;;;;早期治療;;;;;;
o;traitements précoces;early treatment;;;;早期治療;;;;;;
o;translation;translation;;;;翻訳;;;;;;
o;translation dentaire;dental translation;;;;歯科翻訳;;;;;;
o;translations dentaires;dental translations;;;;歯科翻訳;;;;;;
o;transparent;transparent;;;;透明;;;;;;
o;transparente;transparent;;;;透明;;;;;;
o;transparentes;transparent;;;;透明;;;;;;
o;transparents;transparencies;;;;トランスペアレンシーズ;;;;;;
o;transposition;transposition;;;;転置;;;;;;
o;traumatique;traumatic;;;;トラウマティック;;;;;;
o;traumatiques;traumatic;;;;トラウマティック;;;;;;
o;trouble de l'atm;atm disorder;;;;大気障害;;;;;;
o;trouble de la déglutition;swallowing disorder;;;;嚥下障害;;;;;;
o;troubles atm;tmj disorders;;;;顎関節症;;;;;;
o;troubles atms;tmj disorders;;;;顎関節症;;;;;;
o;troubles des l'atms;atms disorders;;;;アトム障害;;;;;;
o;troubles des las déglutitions;swallowing disorders;;;;嚥下障害;;;;;;
o;twisted tooth;twisted tooth;;;;ねじれ歯;;;;;;
o;télécrâne;telecranium;;;;テレクラニウム;;;;;;
o;télécrânes;telecoms;;;;テレコム;;;;;;
o;téléradio;teleradio;;;;テレラジオ;;;;;;
o;téléradiographie;teleradiography;;;;テラジオグラフィー;;;;;;
o;téléradiographies;teleradiographs;;;;テレラジオグラフ;;;;;;
o;téléradios;teleradios;;;;テレラジオ;;;;;;
o;tétine;teat;;;;乳頭;;;;;;
o;tétines;teats;;;;乳頭;;;;;;
o;underbite;underbite;;;;アンダーバイト;;;;;;
o;unilatéral;unilateral;;;;一方的;;;;;;
o;unilatérale;unilateral;;;;一方的;;;;;;
o;unilatérales;unilateral;;;;一方的;;;;;;
o;unilatéraux;unilateral;;;;一方的;;;;;;
o;urgence;emergency;;;;緊急;;;;;;
o;urgence orthodontique;orthodontic emergency;;;;歯列矯正緊急事態;;;;;;
o;urgences orthodontiques;orthodontic emergencies;;;;歯列矯正の緊急事態;;;;;;
o;urgent;urgent;;;;緊急;;;;;;
o;urgente;urgent;;;;緊急;;;;;;
o;urgentes;urgent;;;;緊急;;;;;;
o;urgents;urgent;;;;緊急;;;;;;
o;usure dentaire;tooth wear;;;;歯の摩耗;;;;;;
o;usures dentaires;tooth wear;;;;歯の摩耗;;;;;;
o;ventilation nasale;nasal ventilation;;;;鼻腔換気;;;;;;
o;ventilation orale;oral ventilation;;;;口腔換気;;;;;;
o;ventilations orales;oral ventilations;;;;経口人工呼吸;;;;;;
o;version;version;;;;バージョン;;;;;;
o;version axiale;axial version;;;;アキシャルバージョン;;;;;;
o;versions axiales;axial versions;;;;アキシャルバージョン;;;;;;
o;versé en lingual;poured in lingually;;;;言語的に注がれた;;;;;;
o;versé en vestibulaire;vestibular poured;;;;前庭注;;;;;;
o;versés ens linguaux;poured into language sets;;;;言語セットに注がれる;;;;;;
o;versés ens vestibulaires;vestibular ens;;;;前庭;;;;;;
o;vestibulo-position;vestibulo-position;;;;前庭位置;;;;;;
o;vestibulo-positionne;vestibulo-positionne;;;;前庭;;;;;;
o;vestibulo-positionnes;vestibulo-positioning;;;;前庭ポジショニング;;;;;;
o;vestibulo-positions;vestibulo-positions;;;;前庭ポジション;;;;;;
o;vestibulo-version;vestibulo-version;;;;前庭版;;;;;;
o;vestibuloversion;vestibuloversion;;;;前庭運動;;;;;;
o;vis d'ancrage;anchor screws;;;;アンカースクリュー;;;;;;
o;vis d'ancrages;anchor bolts;;;;アンカーボルト;;;;;;
o;visage asymétrique;asymmetric face;;;;非対称顔;;;;;;
o;visages asymétriques;asymmetrical faces;;;;左右非対称の顔;;;;;;
o;visite;visit;;;;訪問;;;;;;
o;visite de contrôle;inspection visit;;;;視察;;;;;;
o;visites;visits;;;;訪問;;;;;;
o;visites des contrôles;inspection visits;;;;視察;;;;;;
o;vérin de herbst;herbst cylinder;;;;ハーベストシリンダー;;;;;;
o;vérins des herbsts;herbsts cylinders;;;;ハーブシリンダーズ;;;;;;
o;wire;wire;;;;ワイヤー;;;;;;
o;wire poking;wire poking;;;;ワイヤープッシング;;;;;;
o;wits;wits;;;;知恵;;;;;;
o;wits appraisal;wits appraisal;;;;ウィッツ鑑定;;;;;;
o;écart;gap;;;;ギャップ;;;;;;
o;écarte;discard;;;;破棄;;;;;;
o;écartement;spacing;;;;スペーシング;;;;;;
o;écartement dentaire;dental spacing;;;;デンタル・スペーシング;;;;;;
o;écartemente;distance;;;;エカルテメンテ;;;;;;
o;écartementes;spacing;;;;スペーシング;;;;;;
o;écartements;gauges;;;;ゲージ;;;;;;
o;écartements dentaires;dental spacings;;;;スペーシング;;;;;;
o;écartes;gaps;;;;隙間;;;;;;
o;écarteur;spreader;;;;スプレッダー;;;;;;
o;écarts;differences;;;;相違点;;;;;;
o;échange de position;exchange of positions;;;;ポジション交換;;;;;;
o;échanges des positions;exchange of positions;;;;ポジション交換;;;;;;
o;édentation;edentulous;;;;無歯顎;;;;;;
o;édentement;edentulism;;;;無歯顎症;;;;;;
o;édentemente;edentulism;;;;無歯顎症;;;;;;
o;édentementes;edentulism;;;;無歯顎症;;;;;;
o;édentements;edentulous;;;;無歯顎;;;;;;
o;édenté;edentulous;;;;無歯顎;;;;;;
o;édentée;edentulous;;;;無歯顎;;;;;;
o;édentées;edentulous;;;;無歯顎;;;;;;
o;édentés;edentulous;;;;無歯顎;;;;;;
o;égression;egression;;;;進化;;;;;;
o;égression dentaire;dental erosion;;;;歯牙糜爛;;;;;;
o;égressions dentaires;dental erosion;;;;歯の侵食;;;;;;
o;élastique;elastic;;;;エラスチック;;;;;;
o;élastique séparateur;elastic separator;;;;エラスティックセパレーター;;;;;;
o;élastiques;elastic bands;;;;ゴムバンド;;;;;;
o;élastiques classe ii;class ii elastics;;;;クラスIIゴムバンド;;;;;;
o;élastiques classe iii;class iii elastics;;;;第3種ゴムバンド;;;;;;
o;élastiques de classe;class elastics;;;;クラスゴム;;;;;;
o;élastiques intermaxillaires;intermaxillary elastics;;;;顎間ゴム;;;;;;
o;élastiques séparateurs;elastic separators;;;;弾性セパレータ;;;;;;
o;élocution;elocution;;;;エロキューション;;;;;;
o;élocutionne;elocutionne;;;;エロキューショーン;;;;;;
o;élocutionnes;elocutionnes;;;;エロキューショネス;;;;;;
o;élocutions;speech;;;;スピーチ;;;;;;
o;éruption;rash;;;;軽率;;;;;;
o;éruption excessive;excessive rash;;;;過度の発疹;;;;;;
o;éruptionne;rash;;;;軽率;;;;;;
o;éruptionnes;rash;;;;軽率;;;;;;
o;éruptions;rashes;;;;発疹;;;;;;
o;éruptions excessives;excessive rashes;;;;過度の発疹;;;;;;
z;anb<0°;anb<0°;anb<0°;anb<0°;anb<0°;anb<0°;anb<0°;anb<0°;anb<0°;anb<0°;anb<0°;anb<0°
z;anb=0°;anb=0°;anb=0°;anb=0°;anb=0°;anb=0°;anb=0°;anb=0°;anb=0°;anb=0°;anb=0°;anb=0°
z;anb>4°;anb>4°;anb>4°;anb>4°;anb>4°;anb>4°;anb>4°;anb>4°;anb>4°;anb>4°;anb>4°;anb>4°
z;sna>4°;sna>4°;sna>4°;sna>4°;sna>4°;sna>4°;sna>4°;sna>4°;sna>4°;sna>4°;sna>4°;sna>4°
z;é,è,ê,ë,à,â,ù,û,ô,î,ï,ç,œ,æ,É,È,Ê,Ë,À,Â,Ù,Û,Ô,Î,Ï,Ç,Œ,Æ;é,è,ê,ë,à,â,ù,û,ô,î,ï,ç,œ,æ,É,È,Ê,Ë,À,Â,Ù,Û,Ô,Î,Ï,Ç,Œ,Æ;é,è,ê,ë,à,â,ù,û,ô,î,ï,ç,œ,æ,É,È,Ê,Ë,À,Â,Ù,Û,Ô,Î,Ï,Ç,Œ,Æ;é,è,ê,ë,à,â,ù,û,ô,î,ï,ç,œ,æ,É,È,Ê,Ë,À,Â,Ù,Û,Ô,Î,Ï,Ç,Œ,Æ;é,è,ê,ë,à,â,ù,û,ô,î,ï,ç,œ,æ,É,È,Ê,Ë,À,Â,Ù,Û,Ô,Î,Ï,Ç,Œ,Æ;é,è,ê,ë,à,â,ù,û,ô,î,ï,ç,œ,æ,É,È,Ê,Ë,À,Â,Ù,Û,Ô,Î,Ï,Ç,Œ,Æ;é,è,ê,ë,à,â,ù,û,ô,î,ï,ç,œ,æ,É,È,Ê,Ë,À,Â,Ù,Û,Ô,Î,Ï,Ç,Œ,Æ;é,è,ê,ë,à,â,ù,û,ô,î,ï,ç,œ,æ,É,È,Ê,Ë,À,Â,Ù,Û,Ô,Î,Ï,Ç,Œ,Æ;é,è,ê,ë,à,â,ù,û,ô,î,ï,ç,œ,æ,É,È,Ê,Ë,À,Â,Ù,Û,Ô,Î,Ï,Ç,Œ,Æ;é,è,ê,ë,à,â,ù,û,ô,î,ï,ç,œ,æ,É,È,Ê,Ë,À,Â,Ù,Û,Ô,Î,Ï,Ç,Œ,Æ;é,è,ê,ë,à,â,ù,û,ô,î,ï,ç,œ,æ,É,È,Ê,Ë,À,Â,Ù,Û,Ô,Î,Ï,Ç,Œ,Æ;é,è,ê,ë,à,â,ù,û,ô,î,ï,ç,œ,æ,É,È,Ê,Ë,À,Â,Ù,Û,Ô,Î,Ï,Ç,Œ,Æ
