Id;Type;commentaire;image
0;medical;logo kitview;https://www.kitview.com/wp-content/uploads/2023/03/cropped-logo-kitview-1.png
1;rmedical;montreradio;https://storage.googleapis.com/glide-prod.appspot.com/uploads-v2/4LAVG3igh0DlHNfHDptQ/pub/H8R6cO0UkEj3N20kyT6B.jpg
2;medical;gouttière;https://storage.googleapis.com/glide-prod.appspot.com/uploads-v2/4LAVG3igh0DlHNfHDptQ/pub/JJi3BsVfOJ9Ffw34qr3d.jpg
3;rmedical;regarderadio;https://storage.googleapis.com/glide-prod.appspot.com/uploads-v2/4LAVG3igh0DlHNfHDptQ/pub/CBnQmA3fBqZPCS7LLGPQ.jpg
4;rmedical;cabinet;https://storage.googleapis.com/glide-prod.appspot.com/uploads-v2/4LAVG3igh0DlHNfHDptQ/pub/IAE4VVV2GAHeqapI9PAe.jpg
5;rmedical;fauteuil orange;https://storage.googleapis.com/glide-prod.appspot.com/uploads-v2/4LAVG3igh0DlHNfHDptQ/pub/bd3YRZALLL4HvhvOW8fB.jpg
6;rmedical;chirurgien;https://storage.googleapis.com/glide-prod.appspot.com/uploads-v2/4LAVG3igh0DlHNfHDptQ/pub/ReaXz9Tthu476Djgc2V5.jpg
7;rmedical;brosses à dents;https://storage.googleapis.com/glide-prod.appspot.com/uploads-v2/4LAVG3igh0DlHNfHDptQ/pub/S3uwTPsW9QYyKQDdBqAN.jpg
8;rmedical;fauteuils blancs;https://storage.googleapis.com/glide-prod.appspot.com/uploads-v2/4LAVG3igh0DlHNfHDptQ/pub/tihxEFNcWzheBEHsYvTz.jpg
9;rmedical;dents;https://storage.googleapis.com/glide-prod.appspot.com/uploads-v2/4LAVG3igh0DlHNfHDptQ/pub/8tbsub3JRVJoyoUA0wKM.jpg
10;rmedical;fauteuils bleus;https://storage.googleapis.com/glide-prod.appspot.com/uploads-v2/4LAVG3igh0DlHNfHDptQ/pub/tF8iQUZkZCHcFR2rG2RB.jpg
11;search;loupe;https://storage.googleapis.com/glide-prod.appspot.com/uploads-v2/4LAVG3igh0DlHNfHDptQ/pub/N7p8P8jZyixqwVxQfn3B.avif
12;rsearch;icônes;https://storage.googleapis.com/glide-prod.appspot.com/uploads-v2/4LAVG3igh0DlHNfHDptQ/pub/hre8cJU9IUkmA5z5uzy1.avif
13;rsearch;université;https://storage.googleapis.com/glide-prod.appspot.com/uploads-v2/4LAVG3igh0DlHNfHDptQ/pub/7VDMU7QAFCRVvOENxGNe.avif
14;rsearch;présentateur;https://storage.googleapis.com/glide-prod.appspot.com/uploads-v2/4LAVG3igh0DlHNfHDptQ/pub/SyMmPWG4943DTjB7D5v3.avif
15;rsearch;rideaux;https://storage.googleapis.com/glide-prod.appspot.com/uploads-v2/4LAVG3igh0DlHNfHDptQ/pub/wT7tr8yhTw9UaBXNvKTV.avif
16;search;machine à écrire ia;https://storage.googleapis.com/glide-prod.appspot.com/uploads-v2/4LAVG3igh0DlHNfHDptQ/pub/JZsvP8bghvqqzlF93o1T.avif
17;rsearch;snoopy;https://storage.googleapis.com/glide-prod.appspot.com/uploads-v2/4LAVG3igh0DlHNfHDptQ/pub/OKmUj2WipwJFc6rhBwcK.jpg
18;zero;boite vide;https://storage.googleapis.com/glide-prod.appspot.com/uploads-v2/4LAVG3igh0DlHNfHDptQ/pub/RVmSZkstYN2Se0Zrg5zR.avif
19;zero;404 jkaune;https://storage.googleapis.com/glide-prod.appspot.com/uploads-v2/4LAVG3igh0DlHNfHDptQ/pub/SyvJqitvk6AOPcqZ3DrQ.avif
20;zero;404 chat;https://storage.googleapis.com/glide-prod.appspot.com/uploads-v2/4LAVG3igh0DlHNfHDptQ/pub/h2qGW8YRa7T7TCb1DLhS.avif
21;zero;404 lune;https://storage.googleapis.com/glide-prod.appspot.com/uploads-v2/4LAVG3igh0DlHNfHDptQ/pub/AWKIqBZ1PsALxbJcLsaA.avif
22;zero;404 boîte rouge;https://storage.googleapis.com/glide-prod.appspot.com/uploads-v2/4LAVG3igh0DlHNfHDptQ/pub/AHVub72WUI9qC17DMtLy.avif
23;search;grau;https://storage.googleapis.com/glide-prod.appspot.com/uploads-v2/4LAVG3igh0DlHNfHDptQ/pub/1xsLdT11u1Zh4RZjGpjS.jpg
24;medical;fauteuil kitview;https://www.kitview.com/wp-content/uploads/2023/03/Kitview-cabinet-scaled-1-1536x1024.jpg
25;rmedical;logo kitview;https://www.kitview.com/wp-content/uploads/2023/03/cropped-logo-kitview-1.png
26;medical;app kitview;https://storage.googleapis.com/glide-prod.appspot.com/uploads-v2/4LAVG3igh0DlHNfHDptQ/pub/rXPjRx1GMMEHz6r0tKiG.png
27;rmedical;ronde kitview;https://storage.googleapis.com/glide-prod.appspot.com/uploads-v2/4LAVG3igh0DlHNfHDptQ/pub/5SliFd4udEWHeRIa3ZxK.png
28;rsearch;bruksism;https://storage.googleapis.com/glide-prod.appspot.com/uploads-v2/4LAVG3igh0DlHNfHDptQ/pub/RPCIZO7aEfROcBJV6Hd1.png
29;search;fuji;https://i0.pickpik.com/photos/110/433/162/mount-fuji-japan-mountains-landmark-8be90dba3404c713bcc21d39686e789d.jpg
