nomdufichier;version;timestamp
conv_cerbere.md;V1.0.0;05/12/2025 21:15:55
Prompt_cerbere.md;V1.0.0;05/12/2025 21:15:55
conv_structurebase.md;V1.0.0;06/12/2025 12:35:03
Prompt_tags2refs.md;V1.0.0;06/12/2025 12:35:03
tagssaisis.csv;V1.0.0;07/12/2025 13:23:49
sexeorigine.csv;V1.0.0;07/12/2025 17:26:52
Prompt_standardise.md;V1.0.0;07/12/2025 19:20:53
tagsfr.csv;V1.0.0;07/12/2025 19:32:53
tagssaisis2tagsfr.py;V1.0.0;07/12/2025 19:32:53
conv_tagsintl.md;V1.0.0;07/12/2025 19:33:53
Prompt_tagssaisis2tagsfr.md;V1.0.0;07/12/2025 19:33:53
tagssaisis.csv;V1.0.1;07/12/2025 19:36:53
conv_tagsintl.md;V1.0.1;07/12/2025 19:49:53
Prompt_saisis2fr.md;V1.0.0;07/12/2025 19:49:53
saisis2fr.py;V1.0.0;07/12/2025 19:49:53
conv_tagsintl.md;V1.0.2;07/12/2025 19:56:53
saisis2fr.py;V1.0.1;07/12/2025 19:56:53
conv_generepat.md;V1.0.0;07/12/2025 20:30:54
conv_tagsintl.md;V1.0.3;07/12/2025 20:35:54
fr2tags.py;V1.0.0;07/12/2025 20:35:54
Prompt_fr2tags.md;V1.0.0;07/12/2025 20:35:54
Prompt_saisis2fr.md;V1.0.1;07/12/2025 20:35:54
commun.csv;V1.0.0;07/12/2025 20:36:54
portraits.csv;V1.0.0;07/12/2025 22:24:55
sexeorigine.csv;V1.0.1;07/12/2025 22:30:55
conv_tagsintl.md;V1.0.4;07/12/2025 22:34:55
fr2tags.py;V1.0.1;07/12/2025 22:34:55
Prompt_fr2tags.md;V1.0.1;07/12/2025 22:34:55
Prompt_saisis2fr.md;V1.0.2;07/12/2025 22:34:55
conv_patN_csv.md;V1.0.0;07/12/2025 23:47:56
generepats.py;V1.0.0;07/12/2025 23:47:56
pats100.csv;V1.0.0;07/12/2025 23:47:56
pats1000.csv;V1.0.0;07/12/2025 23:47:56
Prompt_generepats.md;V1.0.0;07/12/2025 23:47:56
stats1000_age.csv;V1.0.0;07/12/2025 23:47:56
stats1000_tags.csv;V1.0.0;07/12/2025 23:47:56
stats100_age.csv;V1.0.0;07/12/2025 23:47:56
stats100_tags.csv;V1.0.0;07/12/2025 23:47:56
conv_generepat.md;V1.0.1;08/12/2025 00:12:57
conv_patN_csv.md;V1.0.1;08/12/2025 00:12:57
generepatients.py;V1.0.0;08/12/2025 00:12:57
generepats.py;V1.0.1;08/12/2025 00:12:57
pats1000.csv;V1.0.1;08/12/2025 00:12:57
pats20.csv;V1.0.0;08/12/2025 00:12:57
Prompt_generepats.md;V1.0.1;08/12/2025 00:12:57
conv_phrasecorrecte.md;V1.0.0;08/12/2025 00:13:57
exquis.csv;V1.0.0;08/12/2025 00:15:57
conv_structurebase.md;V1.0.1;08/12/2025 00:31:48
Prompt_tags2refs.md;V1.0.1;08/12/2025 00:31:48
conv_phrasecorrecte.md;V1.0.1;08/12/2025 10:36:55
conv_tagsintl.md;V1.0.5;08/12/2025 10:36:55
fr2tags.py;V1.0.2;08/12/2025 10:36:55
synadjs.csv;V1.0.0;08/12/2025 10:36:55
syntags.csv;V1.0.0;08/12/2025 10:36:55
tags2synta.py;V1.0.0;08/12/2025 10:36:55
conv_patN_csv.md;V1.0.2;08/12/2025 17:11:59
generepats.py;V1.0.2;08/12/2025 17:11:59
pats1000.csv;V1.0.2;08/12/2025 17:11:59
pats20.csv;V1.0.1;08/12/2025 17:11:59
Prompt_generepats.md;V1.0.2;08/12/2025 17:11:59
conv_phrasecorrecte.md;V1.0.2;08/12/2025 17:12:59
synadjs.csv;V1.0.1;08/12/2025 17:12:59
syntags.csv;V1.0.1;08/12/2025 17:12:59
tags2synta.py;V1.0.1;08/12/2025 17:12:59
Doc_pipeline.md;V1.0.0;08/12/2025 17:39:00
conv_tagsintl.md;V1.0.6;08/12/2025 18:23:00
fr2tags.py;V1.0.3;08/12/2025 18:23:00
fr2tags.py;V1.0.4;08/12/2025 18:29:01
tags_audit1.csv;V1.0.0;08/12/2025 19:06:01
conv_tagssaisis_propre.md;V1.0.0;08/12/2025 19:43:02
tagssaisis.csv;V1.0.2;08/12/2025 19:43:02
tagssaisis_corriges.csv;V1.0.0;08/12/2025 19:44:02
tagssaisis.csv;V1.0.3;08/12/2025 19:47:02
conv_phrasecorrecte.md;V1.0.3;08/12/2025 20:29:02
Prompt_testsdetections.md;V1.0.0;08/12/2025 20:29:02
cerbere.py;V1.0.0;08/12/2025 20:40:03
conv_cerbere.md;V1.0.1;08/12/2025 20:40:03
Prompt_cerbere.md;V1.0.1;08/12/2025 20:40:03
ages.csv;V1.0.0;08/12/2025 22:09:36
conv_detagdetag.md;V1.0.0;08/12/2025 22:09:36
fr2tags.py;V1.0.5;08/12/2025 22:09:36
Prompt_fr2tags.md;V1.0.2;08/12/2025 22:09:36
fr2tags.py;V1.0.6;08/12/2025 22:37:37
fr2tags.py;V1.0.7;08/12/2025 22:57:37
conv_detagdetag.md;V1.0.1;08/12/2025 23:11:37
fr2tags.py;V1.0.8;08/12/2025 23:11:37
Prompt_detlang.md;V1.0.0;08/12/2025 23:11:37
Prompt_fr2tags.md;V1.0.3;08/12/2025 23:11:37
conv_detagdetag.md;V1.0.2;08/12/2025 23:18:38
fr2tags.py;V1.0.9;08/12/2025 23:18:38
Prompt_detcount_detage_detall.md;V1.0.0;08/12/2025 23:18:38
Prompt_detlang.md;V1.0.1;08/12/2025 23:18:38
Prompt_fr2tags.md;V1.0.4;08/12/2025 23:18:38
conv_detagdetag.md;V1.0.3;08/12/2025 23:34:38
fr2tags.py;V1.0.10;08/12/2025 23:34:38
Prompt_detcount_detage_detall.md;V1.0.1;08/12/2025 23:34:38
Prompt_detlang.md;V1.0.2;08/12/2025 23:34:38
Prompt_dettags_detadjs.md;V1.0.0;08/12/2025 23:34:38
Prompt_fr2tags.md;V1.0.5;08/12/2025 23:34:38
conv_detage_co.md;V1.0.0;09/12/2025 05:39:42
conv_dettags_detadjs.md;V1.0.0;09/12/2025 05:39:42
detadjs.py;V1.0.0;09/12/2025 05:39:42
detage.py;V1.0.0;09/12/2025 05:39:42
detall.py;V1.0.0;09/12/2025 05:39:42
detcount.py;V1.0.0;09/12/2025 05:39:42
dettags.py;V1.0.0;09/12/2025 05:39:42
phrases.csv;V1.0.0;09/12/2025 06:05:42
conv_detlang.md;V1.0.0;09/12/2025 12:04:48
detlang.py;V1.0.0;09/12/2025 12:04:48
Prompt_glossaire.md;V1.0.0;09/12/2025 12:04:48
traduis.py;V1.0.0;09/12/2025 12:04:48
conv_dettags_detadjs.md;V1.0.1;09/12/2025 13:48:50
detadjs.py;V1.0.1;09/12/2025 13:48:50
detecte.py;V1.0.0;09/12/2025 13:48:50
detquals.py;V1.0.0;09/12/2025 13:48:50
dettags.py;V1.0.1;09/12/2025 13:48:50
motsvides.py;V1.0.0;09/12/2025 13:48:50
Prompt_detecte.md;V1.0.0;09/12/2025 13:48:50
Prompt_detquals.md;V1.0.0;09/12/2025 13:48:50
Prompt_motsvides.md;V1.0.0;09/12/2025 13:48:50
conv_questionsavecréponses.md;V1.0.0;09/12/2025 21:27:57
mpats100.csv;V1.0.0;09/12/2025 21:27:57
Prompt_questions.md;V1.0.0;09/12/2025 21:27:57
qpats100.csv;V1.0.0;09/12/2025 21:27:57
questions.py;V1.0.0;09/12/2025 21:27:57
conv_dettags_detadjs.md;V1.0.2;09/12/2025 22:02:57
detadjs.py;V1.0.2;09/12/2025 22:02:57
detecte.py;V1.0.1;09/12/2025 22:02:57
detquals.py;V1.0.1;09/12/2025 22:02:58
dettags.py;V1.0.2;09/12/2025 22:02:58
motsvides.py;V1.0.1;09/12/2025 22:02:58
Prompt_detecte.md;V1.0.1;09/12/2025 22:02:58
Prompt_detquals.md;V1.0.1;09/12/2025 22:02:58
Prompt_motsvides.md;V1.0.1;09/12/2025 22:02:58
glossaire.csv;V1.0.0;09/12/2025 22:04:58
motsvides.csv;V1.0.0;09/12/2025 22:05:58
cerbere.py;V1.0.1;10/12/2025 11:15:42
conv_cerbere.md;V1.0.2;10/12/2025 11:15:42
Prompt_cerbere.md;V1.0.2;10/12/2025 11:15:42
conv_prompt_discriminants.md;V1.0.0;10/12/2025 12:42:43
discriminants.csv;V1.0.0;10/12/2025 12:42:43
discriminants.py;V1.0.0;10/12/2025 12:42:43
Prompt_discriminants.md;V1.0.0;10/12/2025 12:42:43
pathologies_thai_utf8_sansBOM.csv;V1.0.0;10/12/2025 13:23:11
cerbere.py;V1.0.2;10/12/2025 14:37:13
conv_cerbere.md;V1.0.3;10/12/2025 14:37:13
Prompt_cerbere.md;V1.0.3;10/12/2025 14:37:13
Prompt_detlang.md;V1.0.3;10/12/2025 15:15:14
conv_prompt_discriminants.md;V1.0.1;10/12/2025 15:31:14
detlang.py;V1.0.1;10/12/2025 15:31:14
Prompt_detlang.md;V1.0.4;10/12/2025 15:31:14
anglesANBSNAorhodontie.md;V1.0.0;11/12/2025 17:42:46
conv_prompt_discriminants.md;V1.0.2;11/12/2025 17:44:46
detlang.py;V1.0.2;11/12/2025 17:44:46
Prompt_detlang.md;V1.0.5;11/12/2025 17:44:46
Analyse_technique_web1.md;V1.0.0;11/12/2025 17:45:46
cerbere.py;V1.0.3;11/12/2025 18:16:47
conv_cerbere.md;V1.0.4;11/12/2025 18:16:47
Prompt_cerbere.md;V1.0.4;11/12/2025 18:16:47
conv_detage_co.md;V1.0.1;11/12/2025 18:47:57
Prompt_detage_structure.md;V1.0.0;11/12/2025 18:47:57
Prompt_detall_v2.md;V1.0.0;11/12/2025 18:47:57
Prompt_detangles.md;V1.0.0;11/12/2025 18:47:57
conv_detage_co.md;V1.0.2;11/12/2025 19:14:57
detage.py;V1.0.1;11/12/2025 19:14:57
tagssaisis.csv;V1.0.4;11/12/2025 20:33:58
tagssaisis.xlsx;V1.0.0;11/12/2025 20:33:58
tagssaisis.csv;V1.0.5;11/12/2025 20:49:59
angles.csv;V1.0.0;11/12/2025 21:02:59
conv_angles.py.md;V1.0.0;11/12/2025 21:02:59
detangles.py;V1.0.0;11/12/2025 21:02:59
questionspats100.csv;V1.0.0;12/12/2025 00:23:02
angles.csv;V1.0.1;12/12/2025 15:37:19
conv_angles.py.md;V1.0.1;12/12/2025 15:37:19
detangles.py;V1.0.1;12/12/2025 15:37:19
cerbere.py;V1.0.4;12/12/2025 15:45:19
conv_cerbere.md;V1.0.5;12/12/2025 15:45:19
Prompt_cerbere.md;V1.0.5;12/12/2025 15:45:20
angles.csv;V1.0.2;12/12/2025 16:52:37
conv_angles.py.md;V1.0.2;12/12/2025 16:52:37
detangles.py;V1.0.2;12/12/2025 16:52:37
Prompt_standardise_tiret.md;V1.0.0;12/12/2025 16:52:37
standardise.py;V1.0.0;12/12/2025 16:59:37
angles.csv;V1.0.3;12/12/2025 17:00:37
conv_angles.py.md;V1.0.3;12/12/2025 17:00:37
detangles.py;V1.0.3;12/12/2025 17:00:37
Prompt_standardise_tiret.md;V1.0.1;12/12/2025 17:00:37
conv_angles.py.md;V1.0.4;12/12/2025 17:04:38
detangles.py;V1.0.4;12/12/2025 17:04:38
conv_dettags_detadjs_V3.md;V1.0.0;12/12/2025 17:06:38
detadjs.py;V1.0.3;12/12/2025 17:06:38
detall.py;V1.0.1;12/12/2025 17:06:38
detangles.py;V1.0.5;12/12/2025 17:06:38
dettags.py;V1.0.3;12/12/2025 17:06:38
conv_structurebase.md;V1.0.2;12/12/2025 18:26:39
Prompt_chargebase.md;V1.0.0;12/12/2025 18:26:39
conv_ecuriesdaugias.md;V1.0.0;12/12/2025 18:27:39
tagssaisis.csv;V1.0.6;12/12/2025 18:34:39
conv_structurebase.md;V1.0.3;12/12/2025 18:41:40
Prompt_chargebase.md;V1.0.1;12/12/2025 18:41:40
Prompt_tags2refs.md;V1.0.2;12/12/2025 18:41:40
conv_detage_co.md;V1.0.3;12/12/2025 18:49:40
genereformes.py;V1.0.0;12/12/2025 18:49:40
conv_extension_glossaire.md;V1.0.0;12/12/2025 20:07:41
fr2tags.py;V1.0.11;12/12/2025 20:07:41
Prompt_fr2tags.md;V1.0.6;12/12/2025 20:07:41
conv_detectionia.md;V1.0.0;12/12/2025 20:45:42
detia.py;V1.0.0;12/12/2025 20:45:42
Prompt_detia.md;V1.0.0;12/12/2025 20:45:42
conv_extension_glossaire.md;V1.0.1;12/12/2025 20:52:42
fr2tags.py;V1.0.12;12/12/2025 20:52:42
Prompt_fr2tags.md;V1.0.7;12/12/2025 20:52:42
conv_structurebase.md;V1.0.4;12/12/2025 21:05:43
Prompt_chargebase.md;V1.0.2;12/12/2025 21:05:43
Prompt_tags2refs.md;V1.0.3;12/12/2025 21:05:43
base100.db;V1.0.0;13/12/2025 11:52:54
chargebase.py;V1.0.0;13/12/2025 11:52:54
conv_chargebase.md;V1.0.0;13/12/2025 11:52:54
Prompt_chargebase.py.md;V1.0.0;13/12/2025 11:52:54
conv_patpatients.md;V1.0.0;13/12/2025 13:31:23
generepats.py;V1.0.3;13/12/2025 13:31:23
detia.py;V1.0.1;13/12/2025 15:16:33
detia.py;V1.0.2;13/12/2025 15:40:33
conv_detectionia.md;V1.0.1;13/12/2025 16:18:34
detadjs.py;V1.0.4;13/12/2025 16:18:34
dettags.py;V1.0.4;13/12/2025 16:18:34
conv_detectionia.md;V1.0.2;13/12/2025 20:13:37
detadjs.py;V1.0.5;13/12/2025 20:13:37
detia.py;V1.0.3;13/12/2025 20:13:37
dettags.py;V1.0.5;13/12/2025 20:13:38
motsvides.csv;V1.0.1;13/12/2025 20:13:38
compdetect.py;V1.0.0;13/12/2025 20:53:38
conv_detectionia.md;V1.0.3;13/12/2025 20:53:38
detall.py;V1.0.2;13/12/2025 20:53:38
detia.py;V1.0.4;13/12/2025 20:53:38
tagssaisis.csv;V1.0.7;13/12/2025 20:53:38
compdetect.py;V1.0.1;13/12/2025 21:44:39
conv_detectionia.md;V1.0.4;13/12/2025 21:44:39
base.txt;V1.0.0;15/12/2025 10:38:06
conv_cxja.md;V1.0.0;15/12/2025 17:02:43
flipflop_architecture.md;V1.0.0;15/12/2025 17:02:43
ja.md;V1.0.0;15/12/2025 17:02:43
Prompt_cx_flipflop.md;V1.0.0;15/12/2025 17:02:43
conv_cxcharge.md;V1.0.0;15/12/2025 17:47:44
cxchargepats.py;V1.0.0;15/12/2025 17:47:44
Prompt_cxchargepats.md;V1.0.0;15/12/2025 17:47:44
conv_detage_co.md;V1.0.4;15/12/2025 18:48:45
genereformes.py;V1.0.1;15/12/2025 18:48:45
tagssaisis_corrige.csv;V1.0.0;15/12/2025 18:48:45
genereformes.py;V1.0.2;15/12/2025 18:57:45
tagssaisis_corrige.csv;V1.0.1;15/12/2025 18:57:45
conv_patpatients.md;V1.0.1;15/12/2025 19:45:47
generepats.py;V1.0.4;15/12/2025 19:45:47
Prompt_generepats.md;V1.0.3;15/12/2025 19:45:47
conv_tags_adjs.md;V1.0.0;16/12/2025 17:40:10
Prompt_dettags_detadjs.md;V1.0.1;16/12/2025 17:40:10
conv_tags_adjs.md;V1.0.1;16/12/2025 18:34:11
detadjs.py;V1.0.6;16/12/2025 18:34:11
dettags.py;V1.0.6;16/12/2025 18:34:11
Prompt_dettags_detadjs.md;V1.0.2;16/12/2025 18:34:11
conv_tags_adjs.md;V1.0.2;16/12/2025 18:49:11
Prompt_tags2syn.md;V1.0.0;16/12/2025 18:49:11
tags2syn.py;V1.0.0;16/12/2025 18:49:11
conv_traduit.md;V1.0.0;17/12/2025 10:30:26
traduis.py;V1.0.1;17/12/2025 10:30:26
conv_generepats.md;V1.0.0;17/12/2025 12:19:27
generepats.py;V1.0.5;17/12/2025 12:19:27
conv_tags_adjs.md;V1.0.3;17/12/2025 13:45:29
resettagsadjs.py;V1.0.0;17/12/2025 13:45:30
tags2syn.py;V1.0.1;17/12/2025 13:45:30
traduis.py;V1.0.2;17/12/2025 13:45:30
conv_tags_adjs.md;V1.0.4;17/12/2025 14:12:30
tags2syn.py;V1.0.2;17/12/2025 14:12:30
traduis.py;V1.0.3;17/12/2025 14:12:30
conv_tags_adjs.md;V1.0.5;17/12/2025 14:32:31
traduis.py;V1.0.4;17/12/2025 14:32:31
conv_tags_adjs.md;V1.0.6;17/12/2025 14:53:32
traduis.py;V1.0.5;17/12/2025 14:53:32
conv_generepats.md;V1.0.1;17/12/2025 15:00:32
questions.py;V1.0.1;17/12/2025 15:00:32
conv_generepats.md;V1.0.2;17/12/2025 15:14:32
questions.py;V1.0.2;17/12/2025 15:14:32
conv_embraceidentall.md;V1.0.0;17/12/2025 15:23:33
detall.py;V1.0.3;17/12/2025 15:23:33
detangles.py;V1.0.6;17/12/2025 15:23:33
detia.py;V1.0.5;17/12/2025 15:23:33
dettags.py;V1.0.7;17/12/2025 15:23:33
conv_cxchargepats.md;V1.0.0;17/12/2025 16:10:34
cxchargepats.py;V1.0.1;17/12/2025 16:10:34
Prompt_cxchargepats.md;V1.0.1;17/12/2025 16:10:34
conv_embraceidentall.md;V1.0.1;17/12/2025 16:23:34
dettags.py;V1.0.8;17/12/2025 16:23:34
conv_embraceidentall.md;V1.0.2;17/12/2025 17:14:35
jsonsql.py;V1.0.0;17/12/2025 17:14:35
lancesql.py;V1.0.0;17/12/2025 17:14:35
motsvides.py;V1.0.2;17/12/2025 17:14:35
standardise.py;V1.0.1;17/12/2025 17:14:35
trouve.py;V1.0.0;17/12/2025 17:14:35
conv_embraceidentall.md;V1.0.3;17/12/2025 17:27:36
detall.py;V1.0.4;17/12/2025 17:27:36
dettags.py;V1.0.9;17/12/2025 17:27:36
conv_embraceidentall.md;V1.0.4;17/12/2025 17:29:36
detall.py;V1.0.5;17/12/2025 17:29:36
conv_embraceidentall.md;V1.0.5;17/12/2025 19:22:56
detage.py;V1.0.2;17/12/2025 19:22:56
standardise.py;V1.0.2;17/12/2025 19:22:56
trouve.py;V1.0.1;17/12/2025 19:35:56
conv_embraceidentall.md;V1.0.6;17/12/2025 20:22:57
detage.py;V1.0.3;17/12/2025 20:22:57
trouve.py;V1.0.2;17/12/2025 20:22:57
conv_generepats.md;V1.0.3;18/12/2025 19:43:02
generepats.py;V1.0.6;18/12/2025 19:43:02
conv_trouve.md;V1.0.0;18/12/2025 20:00:03
detage.py;V1.0.4;18/12/2025 20:00:03
detall.py;V1.0.6;18/12/2025 20:00:03
detia.py;V1.0.6;18/12/2025 20:00:03
trouve.py;V1.0.3;18/12/2025 20:00:03
conv_cxchargepats.md;V1.0.1;19/12/2025 12:34:40
conv_traduit.md;V1.0.1;19/12/2025 12:35:40
traduis.py;V1.0.6;19/12/2025 12:35:40
conv_cxchargepats.md;V1.0.2;19/12/2025 12:36:40
conv_search_server.md;V1.0.0;19/12/2025 14:17:42
detia.py;V1.0.7;19/12/2025 14:17:42
dettags.py;V1.0.10;19/12/2025 14:17:42
gardefou.py;V1.0.0;19/12/2025 14:17:42
Prompt_gardefou.md;V1.0.0;19/12/2025 14:17:42
conv_search_server.md;V1.0.1;19/12/2025 15:35:02
trouve.py;V1.0.4;19/12/2025 15:35:02
cadavreexquis.csv;V1.0.0;19/12/2025 16:45:04
conv_question_de.md;V1.0.0;19/12/2025 16:45:04
Prompt_templatequestion.md;V1.0.0;19/12/2025 16:45:04
tagsadjs_enrichi.xlsx;V1.0.0;19/12/2025 16:45:04
templatequestion.csv;V1.0.0;19/12/2025 16:45:04
templatequestion.py;V1.0.0;19/12/2025 16:45:04
conv_question_de.md;V1.0.1;19/12/2025 17:56:06
generequestion.py;V1.0.0;19/12/2025 17:56:06
Prompt_generequestion.md;V1.0.0;19/12/2025 17:56:06
questions_generees.csv;V1.0.0;19/12/2025 17:56:06
conv_generepats.md;V1.0.4;19/12/2025 18:02:06
generepats.py;V1.0.7;19/12/2025 18:02:06
conv_Trouveevolutions.md;V1.0.0;19/12/2025 18:23:07
trouve.py;V1.0.5;19/12/2025 18:23:07
conv_Trouveevolutions.md;V1.0.1;19/12/2025 19:03:08
trouve.py;V1.0.6;19/12/2025 19:03:08
conv_question_de.md;V1.0.2;19/12/2025 19:04:08
generequestion.py;V1.0.1;19/12/2025 19:04:08
Prompt_generequestion.md;V1.0.1;19/12/2025 19:04:08
testspats100.csv;V1.0.0;19/12/2025 19:04:08
conv_search_server.md;V1.0.2;19/12/2025 19:18:08
Prompt_search.md;V1.0.0;19/12/2025 19:18:08
search.py;V1.0.0;19/12/2025 19:18:08
server.py;V1.0.0;19/12/2025 19:18:08
conv_radix50.md;V1.0.0;19/12/2025 19:28:09
detia.py;V1.0.8;19/12/2025 19:28:09
conv_search_web.md;V1.0.0;19/12/2025 20:26:10
web2.html;V1.0.0;19/12/2025 20:26:10
conv_question_de.md;V1.0.3;20/12/2025 13:46:29
generequestion.py;V1.0.2;20/12/2025 13:46:29
Prompt_generequestion.md;V1.0.2;20/12/2025 13:46:29
testspats100.csv;V1.0.1;20/12/2025 13:46:29
fetch_parkings.py;V1.0.0;20/12/2025 16:07:32
api.md;V1.0.0;20/12/2025 16:15:33
fetch_parkings.py;V1.0.1;20/12/2025 16:15:33
conv_embraceidentall.md;V1.0.7;20/12/2025 16:18:33
detage.py;V1.0.5;20/12/2025 16:18:33
trouve.py;V1.0.7;20/12/2025 16:18:33
api.md;V1.0.1;20/12/2025 16:23:33
main.py;V1.0.0;20/12/2025 16:23:33
requirements.txt;V1.0.0;20/12/2025 16:23:33
auditquestions.py;V1.0.0;20/12/2025 21:40:47
conv_question_de.md;V1.0.4;20/12/2025 21:40:47
Guide_test_audit.md;V1.0.0;20/12/2025 21:40:47
Prompt_auditquestions.md;V1.0.0;20/12/2025 21:40:47
conv_search_web.md;V1.0.1;22/12/2025 19:56:19
search.py;V1.0.1;22/12/2025 19:56:19
server.py;V1.0.1;22/12/2025 19:56:19
web2.html;V1.0.1;22/12/2025 19:56:19
search.py;V1.0.2;22/12/2025 21:29:21
conv_search_web.md;V1.0.2;22/12/2025 21:33:21
search.py;V1.0.3;22/12/2025 21:33:21
server.py;V1.0.2;22/12/2025 21:33:21
trouve.py;V1.0.8;22/12/2025 21:33:21
web2.html;V1.0.2;22/12/2025 21:33:21
search.py;V1.0.4;22/12/2025 21:41:21
web2.html;V1.0.3;22/12/2025 21:41:21
conv_search_web.md;V1.0.3;22/12/2025 22:36:23
Prompt_search_v2.md;V1.0.0;22/12/2025 22:36:23
conv_web2.md;V1.0.0;23/12/2025 11:04:38
web3.html;V1.0.0;23/12/2025 11:04:38
conv_search_v2.md;V1.0.0;23/12/2025 17:05:58
detia.py;V1.0.9;23/12/2025 17:05:58
search.py;V1.0.5;23/12/2025 17:05:58
trouve.py;V1.0.9;23/12/2025 17:05:58
conv_search_v2.md;V1.0.1;23/12/2025 18:02:45
detia.py;V1.0.10;23/12/2025 18:02:45
ia.csv;V1.0.0;23/12/2025 18:02:45
search.py;V1.0.6;23/12/2025 18:02:46
trouve.py;V1.0.10;23/12/2025 18:02:46
conv_search_v2.md;V1.0.2;23/12/2025 18:13:46
detia.py;V1.0.11;23/12/2025 18:13:46
ia.csv;V1.0.1;23/12/2025 18:13:46
search.py;V1.0.7;23/12/2025 18:13:46
trouve.py;V1.0.11;23/12/2025 18:13:46
ia.csv;V1.0.2;23/12/2025 18:14:47
ia.csv;V1.0.3;23/12/2025 18:15:47
ia.csv;V1.0.4;23/12/2025 18:16:47
ia.csv;V1.0.5;23/12/2025 18:17:47
ia.csv;V1.0.6;23/12/2025 18:18:47
ia.csv;V1.0.7;23/12/2025 18:19:48
conv_detia.md;V1.0.0;23/12/2025 20:43:22
frsynadjs_slim.csv;V1.0.0;23/12/2025 20:43:22
frsyntags_slim.csv;V1.0.0;23/12/2025 20:43:22
frtagsadjs_complet.csv;V1.0.0;23/12/2025 20:43:22
pipeline.py;V1.0.0;23/12/2025 20:43:22
Prompt_continuation_detia.md;V1.0.0;23/12/2025 20:53:23
conv_web2.md;V1.0.1;24/12/2025 12:46:05
server.py;V1.0.3;24/12/2025 12:46:05
web4.html;V1.0.0;24/12/2025 12:46:05
Prompt_web5.md;V1.0.0;24/12/2025 13:23:06
conv_cxchargepats.md;V1.0.3;24/12/2025 17:24:09
cxchargepats.py;V1.0.2;24/12/2025 17:24:09
conv_cxchargepats.md;V1.0.4;24/12/2025 17:39:09
cxchargepats.py;V1.0.3;24/12/2025 17:39:09
generepats.py;V1.0.8;24/12/2025 17:39:09
Prompt_cxchargepats.md;V1.0.2;24/12/2025 17:39:10
Prompt_generepats.md;V1.0.4;24/12/2025 17:39:10
detia.py;V1.0.12;24/12/2025 18:15:11
conv_py.md;V1.0.0;24/12/2025 18:16:11
server.py;V1.0.4;24/12/2025 18:16:11
detia.py;V1.0.13;24/12/2025 18:49:12
conv_detiaslim_pipeline.md;V1.0.0;24/12/2025 18:54:12
detia.py;V1.0.14;24/12/2025 18:54:12
pipeline.py;V1.0.1;24/12/2025 18:54:12
Compare5.html;V1.0.0;24/12/2025 20:03:14
conv_py.md;V1.0.1;24/12/2025 20:03:14
server.py;V1.0.5;24/12/2025 20:03:14
web5.html;V1.0.0;24/12/2025 20:03:14
Prompt_web5_suite.md;V1.0.0;24/12/2025 21:01:15
conv_web5suite.md;V1.0.0;24/12/2025 22:20:17
web5.html;V1.0.1;24/12/2025 22:20:17
detia.py;V1.0.15;24/12/2025 22:21:18
auditquestions.py;V1.0.1;25/12/2025 09:06:41
conv_question_de.md;V1.0.5;25/12/2025 09:06:41
Guide_test_audit.md;V1.0.1;25/12/2025 09:06:41
Prompt_auditquestions.md;V1.0.1;25/12/2025 09:06:41
detia.py;V1.0.16;26/12/2025 08:58:32
conv_detia.md;V1.0.1;26/12/2025 10:10:34
detia.py;V1.0.17;26/12/2025 10:10:34
conv_web6.md;V1.0.0;26/12/2025 11:04:35
server.py;V1.0.6;26/12/2025 11:04:35
conv_web6.md;V1.0.1;26/12/2025 12:56:06
server.py;V1.0.7;26/12/2025 12:56:06
web5.html;V1.0.2;26/12/2025 12:56:06
commentaires.csv;V1.0.0;26/12/2025 13:25:07
conv_creecommentaires.md;V1.0.0;26/12/2025 13:25:07
creecommentaires.py;V1.0.0;26/12/2025 13:25:07
Prompt_creecommentaires.md;V1.0.0;26/12/2025 13:25:07
conv_correctiondetraduit.py.md;V1.0.0;26/12/2025 13:28:08
conv_web6.md;V1.0.2;26/12/2025 13:28:08
server.py;V1.0.8;26/12/2025 13:28:08
traduis.py;V1.0.7;26/12/2025 13:28:08
web5.html;V1.0.3;26/12/2025 13:28:08
commentaires.csv;V1.0.1;26/12/2025 13:46:08
conv_creecommentaires.md;V1.0.1;26/12/2025 13:46:08
creecommentaires.py;V1.0.1;26/12/2025 13:46:08
Prompt_creecommentaires.md;V1.0.1;26/12/2025 13:46:08
conv_web6.md;V1.0.3;26/12/2025 14:00:09
server.py;V1.0.9;26/12/2025 14:00:09
web5.html;V1.0.4;26/12/2025 14:00:09
conv_correctiondetraduit.py.md;V1.0.1;26/12/2025 14:07:09
Prompt_audit_csv_reader.md;V1.0.0;26/12/2025 14:07:09
traduis.py;V1.0.8;26/12/2025 14:07:09
commente.py;V1.0.0;26/12/2025 14:08:09
conv_creecommentaires.md;V1.0.2;26/12/2025 14:08:09
Prompt_commente.md;V1.0.0;26/12/2025 14:08:09
commente.py;V1.0.1;26/12/2025 14:33:10
conv_creecommentaires.md;V1.0.3;26/12/2025 14:33:10
auditcsvreader.py;V1.0.0;26/12/2025 14:34:10
conv_auditcsvreader.md;V1.0.0;26/12/2025 14:34:10
server.py;V1.0.10;26/12/2025 14:34:10
conv_web6.md;V1.0.4;26/12/2025 18:07:15
lancesql.py;V1.0.1;26/12/2025 18:07:15
conv_correctiondetraduit.py.md;V1.0.2;26/12/2025 18:15:15
Prompt_audit_csv_reader.md;V1.0.1;26/12/2025 18:15:15
traduis.py;V1.0.9;26/12/2025 18:15:15
conv_web6.md;V1.0.5;26/12/2025 18:16:15
lancesql.py;V1.0.2;26/12/2025 18:16:16
commente.py;V1.0.2;26/12/2025 18:41:16
conv_creecommentaires.md;V1.0.4;26/12/2025 18:41:16
server.py;V1.0.11;26/12/2025 18:47:17
conv_correctiondetraduit.py.md;V1.0.3;26/12/2025 18:59:17
traduis.py;V1.0.10;26/12/2025 18:59:17
jsonsql.py;V1.0.1;26/12/2025 19:00:17
conv_web6.md;V1.0.6;26/12/2025 19:09:18
server.py;V1.0.12;26/12/2025 19:09:18
web5.html;V1.0.5;26/12/2025 19:09:18
server.py;V1.0.13;26/12/2025 19:26:19
auditcsvreader.py;V1.0.1;26/12/2025 20:07:20
conv_auditcsvreader.md;V1.0.1;26/12/2025 20:07:20
csv_utils.py;V1.0.0;26/12/2025 20:07:20
conv_correctiondetraduit.py.md;V1.0.4;26/12/2025 20:09:20
traduis.py;V1.0.11;26/12/2025 20:09:20
conv_web6aveccommentaire.md;V1.0.0;26/12/2025 20:11:20
server.py;V1.0.14;26/12/2025 20:11:20
web6.html;V1.0.0;26/12/2025 20:11:20
conv_web6aveccommentaire.md;V1.0.1;26/12/2025 20:20:21
jsonsql.py;V1.0.2;26/12/2025 20:20:21
server.py;V1.0.15;26/12/2025 20:20:21
conv_rating2.md;V1.0.0;26/12/2025 20:44:22
server.py;V1.0.16;26/12/2025 20:44:22
jsonsql.py;V1.0.3;26/12/2025 20:49:22
lancesql.py;V1.0.3;26/12/2025 20:49:22
conv_rating2.md;V1.0.1;26/12/2025 20:52:22
search.py;V1.0.8;26/12/2025 20:52:22
server.py;V1.0.17;26/12/2025 20:52:22
conv_rating2.md;V1.0.2;26/12/2025 21:22:23
search.py;V1.0.9;26/12/2025 21:22:23
server.py;V1.0.18;26/12/2025 21:22:23
web7.html;V1.0.0;26/12/2025 21:22:23
conv_correctiondetia.md;V1.0.0;26/12/2025 22:02:24
detia.py;V1.0.18;26/12/2025 22:02:24
resettagsadjs.py;V1.0.1;26/12/2025 22:02:24
conv_correctiondetia.md;V1.0.1;27/12/2025 12:50:46
detia.py;V1.0.19;27/12/2025 12:50:46
resettagsadjs.py;V1.0.2;27/12/2025 12:50:46
conv_tag2synV2.md;V1.0.0;27/12/2025 19:46:56
synadjs.csv;V1.0.2;27/12/2025 19:46:56
syntags.csv;V1.0.2;27/12/2025 19:46:56
tags2syn.py;V1.0.3;27/12/2025 19:46:56
conv_bruxismeestfrancais.md;V1.0.0;27/12/2025 19:51:56
search.py;V1.0.10;27/12/2025 19:51:56
conv_rating2.md;V1.0.3;27/12/2025 19:52:56
web8.html;V1.0.0;27/12/2025 19:52:56
web8params.html;V1.0.0;27/12/2025 19:52:56
conv_ajout_rating_3.md;V1.0.0;27/12/2025 20:22:57
web8.html;V1.0.1;27/12/2025 20:22:57
conv_tags2patterns.md;V1.0.0;27/12/2025 22:09:00
patternsadjsfr.csv;V1.0.0;27/12/2025 22:09:00
patternstagsfr.csv;V1.0.0;27/12/2025 22:09:00
tags2patterns.py;V1.0.0;27/12/2025 22:09:00
conv_langues.md;V1.0.0;28/12/2025 10:07:17
glossaire_classifie.csv;V1.0.0;28/12/2025 10:07:17
conv_langues.md;V1.0.1;28/12/2025 10:42:18
glossaire_classifie_final.csv;V1.0.0;28/12/2025 10:42:18
conv_newdettagsadjsia.md;V1.0.0;28/12/2025 17:21:27
conv_newsearch.md;V1.0.0;28/12/2025 17:21:27
detadjs.py;V1.0.7;28/12/2025 17:21:28
detia.py;V1.0.20;28/12/2025 17:21:28
dettags.py;V1.0.11;28/12/2025 17:21:28
search.py;V1.0.11;28/12/2025 17:21:28
server.py;V1.0.19;28/12/2025 17:21:28
adjectifs.csv;V1.0.0;28/12/2025 17:24:28
conv_langues.md;V1.0.2;28/12/2025 17:24:28
tags.csv;V1.0.0;28/12/2025 17:24:28
conv_newsearch.md;V1.0.1;28/12/2025 17:52:29
detall.py;V1.0.7;28/12/2025 17:52:29
search.py;V1.0.12;28/12/2025 17:52:29
server.py;V1.0.20;28/12/2025 17:52:29
conv_detiaslim_pipeline.md;V1.0.1;28/12/2025 17:53:29
pipeline.py;V1.0.2;28/12/2025 17:53:29
conv_detiaslim_pipeline.md;V1.0.2;28/12/2025 18:34:31
pipeline.py;V1.0.3;28/12/2025 18:34:31
conv_traducteur.md;V1.0.0;28/12/2025 18:41:31
traducteur.py;V1.0.0;28/12/2025 18:41:31
conv_ia_csv_enrichi.md;V1.0.0;28/12/2025 18:46:31
ia.csv;V1.0.8;28/12/2025 18:46:31
web9.html;V1.0.0;28/12/2025 18:46:31
web9params.html;V1.0.0;28/12/2025 18:46:31
conv_traducteur.md;V1.0.1;28/12/2025 19:35:33
Prompt_scenarios_test.md;V1.0.0;28/12/2025 19:35:33
conv_traducteur.md;V1.0.2;28/12/2025 22:19:37
detadjs.py;V1.0.8;28/12/2025 22:19:37
dettags.py;V1.0.12;28/12/2025 22:19:37
conv_traducteur.md;V1.0.3;28/12/2025 22:48:38
detadjs.py;V1.0.9;28/12/2025 22:48:38
detia.py;V1.0.21;28/12/2025 22:48:38
dettags.py;V1.0.13;28/12/2025 22:48:38
conv_ia_csv_enrichi.md;V1.0.1;28/12/2025 22:50:38
Prompt_web9_i18n_ia.md;V1.0.0;28/12/2025 22:50:38
conv_web9_i18n_ia.md;V1.0.0;29/12/2025 00:08:40
glossaire_ui_entries.csv;V1.0.0;29/12/2025 00:08:40
conv_web9_i18n_ia.md;V1.0.1;29/12/2025 07:52:50
server.py;V1.0.21;29/12/2025 07:52:51
conv_web9_i18n_ia.md;V1.0.2;29/12/2025 08:55:52
web9.html;V1.0.1;29/12/2025 08:55:52
conv_web9_i18n_ia.md;V1.0.3;29/12/2025 09:22:53
web9params.html;V1.0.1;29/12/2025 09:22:53
conv_web9_i18n_ia.md;V1.0.4;29/12/2025 10:07:54
Prompt_web9_ia_cohorte.md;V1.0.0;29/12/2025 10:07:54
Audit_web9_complet.md;V1.0.0;29/12/2025 21:08:07
conv_web9_i18n_ia.md;V1.0.5;29/12/2025 21:08:07
web10.css;V1.0.0;29/12/2025 21:08:07
web10.html;V1.0.0;29/12/2025 21:08:07
web10params.html;V1.0.0;29/12/2025 21:08:07
Audit_web9_complet.md;V1.0.1;29/12/2025 21:11:07
web9.html;V1.0.2;29/12/2025 21:11:07
conv_web9_i18n_ia.md;V1.0.6;29/12/2025 21:12:08
Prompt_web9_ia_cohorte.md;V1.0.1;29/12/2025 21:12:08
conv_web10_ia_cohorte.md;V1.0.0;29/12/2025 21:30:08
web10.html;V1.0.1;29/12/2025 21:30:09
conv_web10_ia_cohorte.md;V1.0.1;29/12/2025 21:33:09
web10.html;V1.0.2;29/12/2025 21:33:09
conv_web10_ia_cohorte.md;V1.0.2;29/12/2025 21:35:09
web10.html;V1.0.3;29/12/2025 21:35:09
conv_lazycommentaires.md;V1.0.0;30/12/2025 06:57:17
lazycommentaires.py;V1.0.0;30/12/2025 06:57:17
conv_web10_ia_cohorte.md;V1.0.3;30/12/2025 07:02:18
server.py;V1.0.22;30/12/2025 07:02:18
web11.html;V1.0.0;30/12/2025 07:02:18
web12.html;V1.0.0;30/12/2025 14:20:29
conv_correction_web8_web9_web10.md;V1.0.0;30/12/2025 14:43:30
web8.html;V1.0.2;30/12/2025 14:43:30
conv_correction_web8_web9_web10.md;V1.0.1;30/12/2025 15:11:31
web8.html;V1.0.3;30/12/2025 15:11:31
conv_correction_web8_web9_web10.md;V1.0.2;30/12/2025 15:22:31
web8.html;V1.0.4;30/12/2025 15:22:31
web9.html;V1.0.3;30/12/2025 15:22:31
web9params.html;V1.0.2;30/12/2025 15:22:31
conv_correction_web8_web9_web10.md;V1.0.3;30/12/2025 18:55:10
web8params.html;V1.0.1;30/12/2025 18:55:10
web9params.html;V1.0.3;30/12/2025 18:55:10
conv_correction_web8_web9_web10.md;V1.0.4;31/12/2025 08:57:44
Prompt_correction_web11_web12.md;V1.0.0;31/12/2025 08:57:44
web10.html;V1.0.4;31/12/2025 08:57:44
web10params.html;V1.0.1;31/12/2025 08:57:44
cerbere.py;V1.0.5;31/12/2025 10:25:47
conv_cerbere.md;V1.0.6;31/12/2025 10:25:47
Prompt_cerbere.md;V1.0.6;31/12/2025 10:25:47
conv_correction10_11_12.md;V1.0.0;31/12/2025 10:30:19
web10.html;V1.0.5;31/12/2025 10:30:19
web11.html;V1.0.1;31/12/2025 10:30:19
web12.html;V1.0.1;31/12/2025 10:30:19
conv_plusdelogs.md;V1.0.0;31/12/2025 18:07:22
Prompt_correction_logs.md;V1.0.0;31/12/2025 18:07:22
web11params.html;V1.0.0;31/12/2025 18:07:22
web12params.html;V1.0.0;31/12/2025 18:07:22
conv_plusdelogs.md;V1.0.1;31/12/2025 18:11:23
Prompt_correction_logs.md;V1.0.1;31/12/2025 18:11:23
search.py;V1.0.13;31/12/2025 18:11:23
server.py;V1.0.23;31/12/2025 18:11:23
web11params.html;V1.0.1;31/12/2025 18:11:23
web12params.html;V1.0.1;31/12/2025 18:11:23
conv_faketests.md;V1.0.0;01/01/2026 21:01:47
creefakelog.py;V1.0.0;01/01/2026 21:01:47
logrechercheout.csv;V1.0.0;01/01/2026 21:01:47
Prompt_creefakelog.md;V1.0.0;01/01/2026 21:01:47
conv_detiaslim_pipeline.md;V1.0.3;01/01/2026 22:53:03
pipeline.py;V1.0.4;01/01/2026 22:53:03
conv_detiaslim_pipeline.md;V1.0.4;02/01/2026 00:09:05
pipeline.py;V1.0.5;02/01/2026 00:09:05
conv_detiaslim_pipeline.md;V1.0.5;02/01/2026 01:58:08
pipeline.py;V1.0.6;02/01/2026 01:58:08
analyse.py;V1.0.0;02/01/2026 02:10:09
analyse12.html;V1.0.0;02/01/2026 02:10:09
conv_analyse.md;V1.0.0;02/01/2026 02:10:09
conv_detiaslim_pipeline.md;V1.0.6;02/01/2026 02:10:09
patch_web12params.txt;V1.0.0;02/01/2026 02:10:09
pipeline.py;V1.0.7;02/01/2026 02:10:09
server.py;V1.0.24;02/01/2026 02:10:09
analyse.py;V1.0.1;02/01/2026 02:37:10
analyse12.html;V1.0.1;02/01/2026 02:37:10
conv_analyse.md;V1.0.1;02/01/2026 02:37:10
server.py;V1.0.25;02/01/2026 02:37:10
web12params.html;V1.0.2;02/01/2026 02:37:10
pipeline.py;V1.0.8;02/01/2026 03:10:11
analyse.py;V1.0.2;02/01/2026 03:11:11
analyse12.html;V1.0.2;02/01/2026 03:11:11
conv_analyse.md;V1.0.2;02/01/2026 03:11:11
server.py;V1.0.26;02/01/2026 03:11:11
web12.html;V1.0.2;02/01/2026 03:11:11
web12params.html;V1.0.3;02/01/2026 03:11:11
pipeline.py;V1.0.9;02/01/2026 08:48:20
analyse.py;V1.0.3;02/01/2026 08:49:20
analyse12.html;V1.0.3;02/01/2026 08:49:20
conv_analyse.md;V1.0.3;02/01/2026 08:49:20
web12.html;V1.0.3;02/01/2026 08:49:20
conv_web12_2026.md;V1.0.0;02/01/2026 10:10:27
web12.html;V1.0.4;02/01/2026 10:10:27
conv_web12_2026.md;V1.0.1;02/01/2026 10:52:28
web12.html;V1.0.5;02/01/2026 10:52:28
conv_web12_2026.md;V1.0.2;02/01/2026 15:53:32
web12.html;V1.0.6;02/01/2026 15:53:32
analyse12.html;V1.0.4;02/01/2026 16:24:33
conv_analyse.md;V1.0.4;02/01/2026 16:24:33
conv_detiabrut.md;V1.0.0;02/01/2026 16:27:34
detiabrut.py;V1.0.0;02/01/2026 16:27:34
analyse12.html;V1.0.5;02/01/2026 16:32:34
conv_analyse.md;V1.0.5;02/01/2026 16:32:34
conv_web12_2026.md;V1.0.3;02/01/2026 16:32:34
web12.html;V1.0.7;02/01/2026 16:32:34
conv_detiabrut.md;V1.0.1;02/01/2026 16:33:34
detiabrut.py;V1.0.1;02/01/2026 16:33:34
web12params.html;V1.0.4;02/01/2026 16:33:34
conv_analyse.md;V1.0.6;02/01/2026 19:28:34
ia.csv;V1.0.9;02/01/2026 19:28:34
conv_faketests.md;V1.0.1;02/01/2026 19:30:34
creefakelog.py;V1.0.1;02/01/2026 19:30:34
logrechercheout.csv;V1.0.1;02/01/2026 19:30:34
Prompt_creefakelog.md;V1.0.1;02/01/2026 19:30:34
pipeline.py;V1.0.10;02/01/2026 20:44:36
conv_web12_2026.md;V1.0.4;02/01/2026 20:59:37
web12.html;V1.0.8;02/01/2026 20:59:37
conv_web12_2026.md;V1.0.5;02/01/2026 22:18:40
web12.html;V1.0.9;02/01/2026 22:18:41
conv_web12_2026.md;V1.0.6;03/01/2026 07:38:55
server.py;V1.0.27;03/01/2026 07:38:55
web12.html;V1.0.10;03/01/2026 07:38:55
server.py;V1.0.28;03/01/2026 07:47:55
conv_web12_2026.md;V1.0.7;03/01/2026 08:19:58
server.py;V1.0.29;03/01/2026 08:19:59
web12.html;V1.0.11;03/01/2026 08:19:59
conv_web12_2026.md;V1.0.8;03/01/2026 08:30:59
server.py;V1.0.30;03/01/2026 08:30:59
web12.html;V1.0.12;03/01/2026 08:30:59
conv_web12_2026.md;V1.0.9;03/01/2026 10:20:02
server.py;V1.0.31;03/01/2026 10:20:02
web12.html;V1.0.13;03/01/2026 10:20:02
conv_web12_2026.md;V1.0.10;03/01/2026 13:25:06
server.py;V1.0.32;03/01/2026 13:25:06
trouve.py;V1.0.12;03/01/2026 13:25:07
web12.html;V1.0.14;03/01/2026 13:25:07
analyse12.html;V1.0.6;03/01/2026 15:59:10
conv_analyse.md;V1.0.7;03/01/2026 15:59:10
conv_web12_2026.md;V1.0.11;03/01/2026 15:59:10
server.py;V1.0.33;03/01/2026 15:59:10
trouve.py;V1.0.13;03/01/2026 15:59:11
web12.html;V1.0.15;03/01/2026 15:59:11
analyse12.html;V1.0.7;04/01/2026 08:09:34
conv_analyse.md;V1.0.8;04/01/2026 08:09:34
conv_detiabrut.md;V1.0.2;04/01/2026 08:20:35
detiabrut.py;V1.0.2;04/01/2026 08:20:35
web12params.html;V1.0.5;04/01/2026 08:20:35
detia.py;V1.0.22;04/01/2026 08:21:35
conv_web12_2026.md;V1.0.12;04/01/2026 08:22:35
lancesql.py;V1.0.4;04/01/2026 08:22:35
server.py;V1.0.34;04/01/2026 08:22:35
trouve.py;V1.0.14;04/01/2026 08:22:35
web12.html;V1.0.16;04/01/2026 08:22:35
conv_vocalweb13.md;V1.0.0;04/01/2026 08:29:36
web13.html;V1.0.0;04/01/2026 08:29:36
conv_Prompt_scenarios_test.md;V1.0.0;04/01/2026 16:58:49
Prompt_scenarios_test.md;V1.0.1;04/01/2026 16:58:49
analyse12.html;V1.0.8;04/01/2026 17:20:50
conv_analyse.md;V1.0.9;04/01/2026 17:20:50
adjectifs_enrichi.csv;V1.0.0;04/01/2026 17:41:51
ages_enrichi.csv;V1.0.0;04/01/2026 17:41:51
conv_detiavsdetall.md;V1.0.0;04/01/2026 17:41:51
conv_Prompt_scenarios_test.md;V1.0.1;04/01/2026 17:41:51
detiavsdetall.py;V1.0.0;04/01/2026 17:41:51
Prompt_scenarios_test.md;V1.0.2;04/01/2026 17:41:51
tags_enrichi.csv;V1.0.0;04/01/2026 17:41:51
conv_vocalweb13.md;V1.0.1;04/01/2026 18:00:52
web14.html;V1.0.0;04/01/2026 18:00:52
webanalyse.html;V1.0.0;04/01/2026 18:00:52
webparams.html;V1.0.0;04/01/2026 18:00:52
conv_testsmoteurs.md;V1.0.0;04/01/2026 18:27:53
glossaire_ja_enrichissement.csv;V1.0.0;04/01/2026 18:27:53
search.py;V1.0.14;04/01/2026 18:27:53
detia.py;V1.0.23;04/01/2026 18:28:54
ia.csv;V1.0.10;04/01/2026 18:28:54
adjectifs_enrichi.csv;V1.0.1;04/01/2026 18:35:54
ages_enrichi.csv;V1.0.1;04/01/2026 18:35:54
conv_detiavsdetall.md;V1.0.1;04/01/2026 18:35:54
detiavsdetall.py;V1.0.1;04/01/2026 18:35:54
tags_enrichi.csv;V1.0.1;04/01/2026 18:35:54
detia.py;V1.0.24;04/01/2026 18:45:54
ia.csv;V1.0.11;04/01/2026 18:45:54
detia.py;V1.0.25;04/01/2026 18:48:55
ia.csv;V1.0.12;04/01/2026 18:48:55
conv_vocalweb13.md;V1.0.2;05/01/2026 08:20:12
web14.html;V1.0.1;05/01/2026 08:20:12
webanalyse.html;V1.0.1;05/01/2026 08:20:12
webparams.html;V1.0.1;05/01/2026 08:20:12
conv_testsmoteurs.md;V1.0.1;05/01/2026 08:37:13
glossaire.csv;V1.0.1;05/01/2026 08:37:13
conv_detiavsdetall.md;V1.0.2;05/01/2026 08:39:13
glossaire_ajouts.csv;V1.0.0;05/01/2026 08:39:13
associations_semantiques.csv;V1.0.0;05/01/2026 08:42:13
conv_audit1000.md;V1.0.0;05/01/2026 08:42:13
conv_imagedefond.md;V1.0.0;05/01/2026 08:57:22
web10.html;V1.0.6;05/01/2026 08:57:22
web11.html;V1.0.2;05/01/2026 08:57:22
web12.html;V1.0.17;05/01/2026 08:57:22
web13.html;V1.0.1;05/01/2026 08:57:22
web14.html;V1.0.2;05/01/2026 08:57:22
web5.html;V1.0.6;05/01/2026 08:57:22
web6.html;V1.0.1;05/01/2026 08:57:22
web7.html;V1.0.1;05/01/2026 08:57:22
web8.html;V1.0.5;05/01/2026 08:57:22
web9.html;V1.0.4;05/01/2026 08:57:22
conv_correctionsanalyse_html.md;V1.0.0;05/01/2026 12:39:27
webanalyse.html;V1.0.2;05/01/2026 12:39:27
conv_testsmoteurs.md;V1.0.2;05/01/2026 12:41:28
glossaire.csv;V1.0.2;05/01/2026 12:41:28
ajoute_moteur_log.py;V1.0.0;05/01/2026 12:47:28
conv_correctionsanalyse_html.md;V1.0.1;05/01/2026 12:47:28
logrecherche.csv;V1.0.0;05/01/2026 12:47:28
search.py;V1.0.15;05/01/2026 12:47:28
conv_imagedefond.md;V1.0.1;05/01/2026 12:48:28
web14.html;V1.0.3;05/01/2026 12:48:29
conv_imagedefond.md;V1.0.2;05/01/2026 13:03:29
web14.html;V1.0.4;05/01/2026 13:03:29
conv_imagedefond.md;V1.0.3;05/01/2026 13:16:30
web14.html;V1.0.5;05/01/2026 13:16:30
conv_imagedefond.md;V1.0.4;05/01/2026 13:56:31
web14.html;V1.0.6;05/01/2026 13:56:31
conv_correctionsanalyse_html.md;V1.0.2;05/01/2026 14:30:32
webanalyse.html;V1.0.3;05/01/2026 14:30:32
analyse.py;V1.0.4;05/01/2026 14:31:32
conv_correctionsanalyse_html.md;V1.0.3;05/01/2026 14:31:32
logrecherche.csv;V1.0.1;05/01/2026 14:31:32
search.py;V1.0.16;05/01/2026 14:31:32
trouve.py;V1.0.15;05/01/2026 14:31:32
analyse.py;V1.0.5;05/01/2026 14:40:33
conv_correctionsanalyse_html.md;V1.0.4;05/01/2026 14:40:33
logrecherche.csv;V1.0.2;05/01/2026 14:40:33
search.py;V1.0.17;05/01/2026 14:40:33
trouve.py;V1.0.16;05/01/2026 14:40:33
conv_detiavsdetall.md;V1.0.3;05/01/2026 14:55:34
rapport_coherence.md;V1.0.0;05/01/2026 14:55:34
conv_audit1000.md;V1.0.1;05/01/2026 14:56:34
detia.py;V1.0.26;05/01/2026 14:56:34
search.py;V1.0.18;05/01/2026 14:56:34
tags.csv;V1.0.1;05/01/2026 14:56:34
analyse.html;V1.0.0;05/01/2026 15:35:35
conv_correctionsanalyse_html.md;V1.0.5;05/01/2026 15:35:35
Prompt_reconstruction_analyse.md;V1.0.0;05/01/2026 15:35:36
conv_correctionsearch.md;V1.0.0;05/01/2026 15:49:36
conv_imagedefond.md;V1.0.5;05/01/2026 15:49:36
search.py;V1.0.19;05/01/2026 15:49:36
web10.html;V1.0.7;05/01/2026 15:49:36
web11.html;V1.0.3;05/01/2026 15:49:36
web12.html;V1.0.18;05/01/2026 15:49:36
web13.html;V1.0.2;05/01/2026 15:49:36
web14.html;V1.0.7;05/01/2026 15:49:36
web5.html;V1.0.7;05/01/2026 15:49:36
web6.html;V1.0.2;05/01/2026 15:49:36
web7.html;V1.0.2;05/01/2026 15:49:36
web8.html;V1.0.6;05/01/2026 15:49:36
web9.html;V1.0.5;05/01/2026 15:49:36
analyse.html;V1.0.1;05/01/2026 15:52:37
conv_correctionsanalyse_html.md;V1.0.6;05/01/2026 15:52:37
analyse.html;V1.0.2;05/01/2026 17:51:39
analyse.py;V1.0.6;05/01/2026 17:51:39
conv_correctionsanalyse_html.md;V1.0.7;05/01/2026 17:51:39
conv_evo_web14_et_params.md;V1.0.0;05/01/2026 17:51:39
server.py;V1.0.35;05/01/2026 17:51:39
web15.html;V1.0.0;05/01/2026 17:51:39
webparams.html;V1.0.2;05/01/2026 17:51:39
conv_evo_web14_et_params.md;V1.0.1;05/01/2026 19:30:43
search.py;V1.0.20;05/01/2026 19:30:43
web15.html;V1.0.1;05/01/2026 19:30:43
webparams.html;V1.0.3;05/01/2026 19:30:43
analyse.html;V1.0.3;05/01/2026 20:04:44
analyse.py;V1.0.7;05/01/2026 20:04:44
conv_correctionsanalyse_html.md;V1.0.8;05/01/2026 20:04:44
server.py;V1.0.36;05/01/2026 20:04:44
conv_evo_web14_et_params.md;V1.0.2;05/01/2026 20:05:44
search.py;V1.0.21;05/01/2026 20:05:45
web16.html;V1.0.0;05/01/2026 20:05:45
webparams.html;V1.0.4;05/01/2026 20:05:45
conv_tests0501.md;V1.0.0;05/01/2026 20:26:46
detiabrut.py;V1.0.3;05/01/2026 20:26:46
Prompt_detiabruthelp.md;V1.0.0;05/01/2026 20:26:46
webparams.html;V1.0.5;05/01/2026 20:26:46
conv_tests0501.md;V1.0.1;05/01/2026 21:14:47
detia.py;V1.0.27;05/01/2026 21:14:47
conv_evo_web14_et_params.md;V1.0.3;05/01/2026 21:16:48
web16.html;V1.0.1;05/01/2026 21:16:48
conv_standard_ia_deepl.md;V1.0.0;05/01/2026 21:17:48
search.py;V1.0.22;05/01/2026 21:17:48
server.py;V1.0.37;05/01/2026 21:17:48
test_modes_detection.csv;V1.0.0;05/01/2026 21:17:48
conv_standard_ia_deepl.md;V1.0.1;05/01/2026 21:30:49
search.py;V1.0.23;05/01/2026 21:30:49
server.py;V1.0.38;05/01/2026 21:30:49
test_modes_detection.csv;V1.0.1;05/01/2026 21:30:49
trouve.py;V1.0.17;05/01/2026 21:30:49
search.py;V1.0.24;05/01/2026 21:38:49
server.py;V1.0.39;05/01/2026 21:43:50
conv_evo_web14_et_params.md;V1.0.4;05/01/2026 21:44:50
web17.html;V1.0.0;05/01/2026 21:44:50
webparams.html;V1.0.6;05/01/2026 21:44:50
server.py;V1.0.40;06/01/2026 08:07:22
conv_moded_emploi.md;V1.0.0;06/01/2026 08:35:23
Kitview_Search_Mode_Emploi.md;V1.0.0;06/01/2026 08:35:24
conv_evo_web14_et_params.md;V1.0.5;06/01/2026 08:58:24
web18.html;V1.0.0;06/01/2026 08:58:25
conv_moded_emploi.md;V1.0.1;06/01/2026 09:45:26
modedemploi.html;V1.0.0;06/01/2026 09:45:26
conv_moded_emploi.md;V1.0.2;06/01/2026 12:42:31
modedemploi.html;V1.0.1;06/01/2026 12:42:31
server.py;V1.0.41;06/01/2026 12:42:31
web18.html;V1.0.1;06/01/2026 12:54:32
conv_moded_emploi.md;V1.0.3;06/01/2026 15:52:37
modedemploi.html;V1.0.2;06/01/2026 15:52:37
server.py;V1.0.42;06/01/2026 15:52:37
conv_majillustrations.md;V1.0.0;06/01/2026 20:52:47
illustrations.html;V1.0.0;06/01/2026 20:52:47
server.py;V1.0.43;06/01/2026 20:52:47
conv_look_webparam.md;V1.0.0;06/01/2026 20:53:47
webparams.html;V1.0.7;06/01/2026 20:53:47
conv_look_webparam.md;V1.0.1;06/01/2026 21:18:48
webparams.html;V1.0.8;06/01/2026 21:18:48
illustrations.html;V1.0.1;06/01/2026 21:52:33
conv_moded_emploi.md;V1.0.4;06/01/2026 21:58:33
modedemploi.html;V1.0.3;06/01/2026 21:58:33
server.py;V1.0.44;06/01/2026 21:58:33
angles.csv;V1.0.4;07/01/2026 10:23:38
angles.csv;V1.0.5;07/01/2026 10:26:38
AnglesANBSNASNB.txt;V1.0.0;07/01/2026 10:26:38
conv_promptsdetiabrut.md;V1.0.0;07/01/2026 10:26:38
tags.csv;V1.0.2;07/01/2026 10:26:38
conv_favori.md;V1.0.0;07/01/2026 10:33:38
Prompt_favori.md;V1.0.0;07/01/2026 10:33:38
illustrations.html;V1.0.2;07/01/2026 10:39:39
server.py;V1.0.45;07/01/2026 10:39:39
conv_bugdetall.md;V1.0.0;07/01/2026 12:17:42
detadjs.py;V1.0.10;07/01/2026 12:17:42
dettags.py;V1.0.14;07/01/2026 12:17:42
jsonsql.py;V1.0.4;07/01/2026 12:17:42
glossaire.csv;V1.0.3;07/01/2026 12:49:44
conv_bugdetall.md;V1.0.1;07/01/2026 12:57:45
jsonsql.py;V1.0.5;07/01/2026 12:57:45
PATCH_detia_age_exact.txt;V1.0.0;07/01/2026 12:57:45
conv_bugdetall.md;V1.0.2;07/01/2026 13:54:47
detadjs.py;V1.0.11;07/01/2026 13:54:48
detia.py;V1.0.28;07/01/2026 13:54:48
dettags.py;V1.0.15;07/01/2026 13:54:48
jsonsql.py;V1.0.6;07/01/2026 13:54:48
conv_bugtraductions.md;V1.0.0;07/01/2026 13:57:48
traduire.py;V1.0.0;07/01/2026 13:57:48
conv_decalageexemples.md;V1.0.0;07/01/2026 14:24:49
web19.html;V1.0.0;07/01/2026 14:24:49
webparams.html;V1.0.9;07/01/2026 14:24:49
conv_bugtraductions.md;V1.0.1;07/01/2026 14:36:50
search.py;V1.0.25;07/01/2026 14:36:50
traduire.py;V1.0.1;07/01/2026 14:36:50
conv_bugtraductions.md;V1.0.2;07/01/2026 14:52:51
search.py;V1.0.26;07/01/2026 14:52:51
conv_decalageexemples.md;V1.0.1;07/01/2026 15:03:52
web19.html;V1.0.1;07/01/2026 15:03:52
webparams.html;V1.0.10;07/01/2026 15:03:52
conv_decalageexemples.md;V1.0.2;07/01/2026 15:19:52
web19.html;V1.0.2;07/01/2026 15:19:53
webparams.html;V1.0.11;07/01/2026 15:19:53
server.py;V1.0.46;07/01/2026 16:58:56
conv_deploiementV5suite.md;V1.0.0;07/01/2026 17:38:58
server.py;V1.0.47;07/01/2026 17:38:58
server.py;V1.0.48;07/01/2026 17:49:59
conv_deploiementV5suite.md;V1.0.1;07/01/2026 18:22:00
index.html;V1.0.0;07/01/2026 18:22:00
analyse.py;V1.0.8;07/01/2026 18:34:00
conv_deploiementV5suite.md;V1.0.2;07/01/2026 18:34:00
traduire.py;V1.0.2;07/01/2026 18:34:00
analyse.py;V1.0.9;07/01/2026 21:05:10
conv_deploiementV5suite.md;V1.0.3;07/01/2026 21:05:10
fakerecherche.csv;V1.0.0;07/01/2026 21:05:10
index.html;V1.0.1;07/01/2026 21:05:11
server.py;V1.0.49;07/01/2026 21:05:11
traduire.py;V1.0.3;07/01/2026 21:05:11
conv_frontzahn.md;V1.0.0;08/01/2026 09:15:33
index.html;V1.0.2;08/01/2026 09:15:33
search.py;V1.0.27;08/01/2026 09:15:33
tags.csv;V1.0.3;08/01/2026 09:15:33
tags.csv;V1.0.4;08/01/2026 10:53:37
conv_frontzahn.md;V1.0.1;08/01/2026 11:23:38
detangles.py;V1.0.7;08/01/2026 11:23:38
angles.csv;V1.0.6;08/01/2026 11:46:39
detangles.py;V1.0.8;08/01/2026 11:46:39
conv_gardefou.md;V1.0.0;09/01/2026 09:49:15
Prompt_recreation_trouve_1_0_18.md;V1.0.0;09/01/2026 09:49:15
trouve.py;V1.0.18;09/01/2026 09:49:15
conv_detectionlangue.md;V1.0.0;09/01/2026 12:54:22
index.html;V1.0.3;09/01/2026 12:54:22
conv_detectionlangue.md;V1.0.1;09/01/2026 14:10:26
index.html;V1.0.4;09/01/2026 14:10:26
conv_detectionlangue.md;V1.0.2;09/01/2026 14:11:26
index.html;V1.0.5;09/01/2026 14:11:26
conv_detectionlangue.md;V1.0.3;09/01/2026 14:59:04
index.html;V1.0.6;09/01/2026 14:59:04
traduire.py;V1.0.4;09/01/2026 14:59:04
conv_gardefou.md;V1.0.1;09/01/2026 19:21:56
Fiche_modes_recherche.md;V1.0.0;09/01/2026 19:21:56
ia.csv;V1.0.13;09/01/2026 19:21:56
Prompt_recreation_search_1_0_28.md;V1.0.0;09/01/2026 19:21:56
search.py;V1.0.28;09/01/2026 19:21:56
conv_detectionlangue.md;V1.0.4;09/01/2026 19:33:57
index.html;V1.0.7;09/01/2026 19:33:57
traduire.py;V1.0.5;09/01/2026 19:33:58
conv_detectionlangue.md;V1.0.5;09/01/2026 20:30:29
index.html;V1.0.8;09/01/2026 20:30:29
traduire.py;V1.0.6;09/01/2026 20:30:29
batterie.csv;V1.0.0;09/01/2026 23:53:42
batterie.py;V1.0.0;09/01/2026 23:53:42
conv_batterie.md;V1.0.0;09/01/2026 23:53:42
batch_EXEMPLE.exec.csv;V1.0.0;10/01/2026 07:48:58
cerbereall.py;V1.0.0;10/01/2026 07:48:58
cerbere_config_prod_EXEMPLE.csv;V1.0.0;10/01/2026 07:48:58
cerbere_config_tests_EXEMPLE.csv;V1.0.0;10/01/2026 07:48:58
conv_cerbere_generalise.md;V1.0.0;10/01/2026 07:48:58
Prompt_cerbere_generalise.md;V1.0.0;10/01/2026 07:48:58
batterie.py;V1.0.1;10/01/2026 07:50:59
conv_batterie.md;V1.0.1;10/01/2026 07:50:59
conv_selecteur_moteur.md;V1.0.0;11/01/2026 16:32:08
web20.html;V1.0.0;11/01/2026 16:32:08
webparams.html;V1.0.12;11/01/2026 16:32:08
conv_sync.md;V1.0.0;11/01/2026 16:39:09
Prompt_sync.md;V1.0.0;11/01/2026 16:39:09
sync.py;V1.0.0;11/01/2026 16:39:09
conv_sync.md;V1.0.1;12/01/2026 10:14:45
Prompt_sync.md;V1.0.1;12/01/2026 10:14:45
sync.py;V1.0.1;12/01/2026 10:14:45
conv_sync.md;V1.0.2;12/01/2026 10:23:46
Prompt_sync.md;V1.0.2;12/01/2026 10:23:46
sync.py;V1.0.2;12/01/2026 10:23:46
batterie.py;V1.0.2;12/01/2026 14:31:55
conv_batterie.md;V1.0.2;12/01/2026 14:31:55
conv_moded_emploi.md;V1.0.5;12/01/2026 14:32:55
modedemploi.html;V1.0.4;12/01/2026 14:32:56
userguide.html;V1.0.0;12/01/2026 14:32:56
conv_sync.md;V1.0.3;12/01/2026 15:03:57
Prompt_sync.md;V1.0.3;12/01/2026 15:03:57
sync.py;V1.0.3;12/01/2026 15:03:57
conv_batterie.md;V1.0.3;12/01/2026 17:49:36
conv_detectionlangue.md;V1.0.6;12/01/2026 17:54:36
conv_correctionstraductions.md;V1.0.0;12/01/2026 18:29:37
Prompt_correctionstraductions.md;V1.0.0;12/01/2026 18:29:37
server.py;V1.0.50;12/01/2026 18:29:37
web21.html;V1.0.0;12/01/2026 18:29:38
conv_correctionstraductions.md;V1.0.1;12/01/2026 19:06:39
modedemploi.html;V1.0.5;12/01/2026 19:06:39
modedemploi_en.html;V1.0.0;12/01/2026 19:06:39
Prompt_correctionstraductions.md;V1.0.1;12/01/2026 19:06:39
aide_traduction.html;V1.0.0;12/01/2026 19:54:40
conv_modedemploi.html_new.md;V1.0.0;12/01/2026 19:54:40
modedemploi.html;V1.0.6;12/01/2026 19:54:40
conv_correctionstraductions.md;V1.0.2;12/01/2026 21:19:43
web21.html;V1.0.1;12/01/2026 21:19:43
conv_suitetraduction_bases.md;V1.0.0;12/01/2026 21:37:43
web21.html;V1.0.2;12/01/2026 21:37:43
webparams.html;V1.0.13;12/01/2026 21:37:44
conv_modedemploi.html_new.md;V1.0.1;13/01/2026 14:55:26
modedemploi.html;V1.0.7;13/01/2026 14:55:26
conv_KITVIEW_API_KEY.md;V1.0.0;13/01/2026 14:59:26
conv_modedemploi.html_new.md;V1.0.2;13/01/2026 15:07:27
modedemploi.html;V1.0.8;13/01/2026 15:07:27
conv_meme.md;V1.0.0;13/01/2026 18:43:31
detall.py;V1.0.8;13/01/2026 18:43:31
detmeme.py;V1.0.0;13/01/2026 18:43:31
jsonsql.py;V1.0.7;13/01/2026 18:43:31
meme.csv;V1.0.0;13/01/2026 18:43:31
trouve.py;V1.0.19;13/01/2026 18:43:31
trouveid.py;V1.0.0;13/01/2026 18:43:31
conv_nouveauwebparams.md;V1.0.0;14/01/2026 15:47:08
webparamD.html;V1.0.0;14/01/2026 15:47:08
webparamG.html;V1.0.0;14/01/2026 15:47:08
angles.csv;V1.0.7;14/01/2026 15:48:08
AoBoin.csv;V1.0.0;14/01/2026 15:48:08
AoBoout.csv;V1.0.0;14/01/2026 15:48:08
conv_Ao_Bo.md;V1.0.0;14/01/2026 15:48:08
detangles.py;V1.0.9;14/01/2026 15:48:08
conv_nouveauwebparams.md;V1.0.1;14/01/2026 16:13:09
webparams.html;V1.0.14;14/01/2026 16:13:09
conv_nouveauwebparams.md;V1.0.2;14/01/2026 17:00:11
server.py;V1.0.51;14/01/2026 17:00:11
webparams.html;V1.0.15;14/01/2026 17:00:11
conv_meme_ihm.md;V1.0.0;14/01/2026 17:18:11
web22.css;V1.0.0;14/01/2026 17:18:11
web22.html;V1.0.0;14/01/2026 17:18:11
conv_nouveauwebparams.md;V1.0.3;14/01/2026 17:19:12
server.py;V1.0.52;14/01/2026 17:19:12
webparams.html;V1.0.16;14/01/2026 17:19:12
angles.csv;V1.0.8;14/01/2026 17:23:12
AoBoin.csv;V1.0.1;14/01/2026 17:23:12
AoBoout.csv;V1.0.1;14/01/2026 17:23:12
conv_Ao_Bo.md;V1.0.1;14/01/2026 17:23:12
detangles.py;V1.0.10;14/01/2026 17:23:12
conv_detia_plante.md;V1.0.0;14/01/2026 20:42:02
detia.py;V1.0.29;14/01/2026 20:42:02
conv_debugaffichageIAs.md;V1.0.0;15/01/2026 20:23:14
ia.csv;V1.0.14;15/01/2026 20:23:14
web22.css;V1.0.1;15/01/2026 20:23:15
web22.html;V1.0.1;15/01/2026 20:23:15
conv_debugaffichageIAs.md;V1.0.1;15/01/2026 20:34:25
ia.csv;V1.0.15;15/01/2026 20:34:25
web21.html;V1.0.3;15/01/2026 20:34:25
web22.html;V1.0.2;15/01/2026 20:34:25
conv_détection.md;V1.0.0;19/01/2026 12:35:44
detection.md;V1.0.0;19/01/2026 12:35:44
conv_memeillustrations.md;V1.0.0;19/01/2026 13:44:48
web22.css;V1.0.2;19/01/2026 13:44:48
web22.html;V1.0.3;19/01/2026 13:44:48
conv_memeillustrations.md;V1.0.1;19/01/2026 14:51:04
web22.css;V1.0.3;19/01/2026 14:51:04
web22.html;V1.0.4;19/01/2026 14:51:04
conv_memeillustrations.md;V1.0.2;19/01/2026 15:07:05
web22.css;V1.0.4;19/01/2026 15:07:05
web22.html;V1.0.5;19/01/2026 15:07:05
web22.css;V1.0.5;19/01/2026 18:11:08
web22.html;V1.0.6;19/01/2026 18:11:08
conv_memeillustrations.md;V1.0.3;19/01/2026 19:14:12
web23.css;V1.0.0;19/01/2026 19:14:12
web23.html;V1.0.0;19/01/2026 19:14:12
conv_memeillustrations.md;V1.0.4;19/01/2026 19:21:12
web23.html;V1.0.1;19/01/2026 19:21:12
conv_memeillustrations.md;V1.0.5;19/01/2026 19:37:13
web23.html;V1.0.2;19/01/2026 19:37:13
conv_memeillustrations.md;V1.0.6;19/01/2026 19:49:14
web23.html;V1.0.3;19/01/2026 19:49:14
conv_memeillustrations.md;V1.0.7;19/01/2026 19:56:15
web23.css;V1.0.1;19/01/2026 19:56:15
web23.html;V1.0.4;19/01/2026 19:56:15
conv_reglages_meme.md;V1.0.0;20/01/2026 09:20:19
web23.css;V1.0.2;20/01/2026 09:20:19
web23.html;V1.0.5;20/01/2026 09:20:19
conv_nouveauwebparams.md;V1.0.4;20/01/2026 12:51:27
webparams.html;V1.0.17;20/01/2026 12:51:27
communb.csv;V1.0.0;20/01/2026 14:35:31
conv_params_par_defaut.md;V1.0.0;20/01/2026 14:35:31
webparams.html;V1.0.18;20/01/2026 14:35:31
conv_modedemploi.html_new.md;V1.0.3;20/01/2026 14:42:31
modedemploi.html;V1.0.9;20/01/2026 14:42:31
conv_reglages_meme.md;V1.0.1;20/01/2026 19:28:42
web24.css;V1.0.0;20/01/2026 19:28:42
web24.html;V1.0.0;20/01/2026 19:28:42
conv_reglages_meme.md;V1.0.2;20/01/2026 21:42:47
web24.css;V1.0.1;20/01/2026 21:42:47
web24.html;V1.0.1;20/01/2026 21:42:47
conv_reglages_meme.md;V1.0.3;20/01/2026 21:44:48
detmeme.py;V1.0.1;20/01/2026 21:44:48
web24.css;V1.0.2;20/01/2026 21:44:48
web24.html;V1.0.2;20/01/2026 21:44:48
tests_meme_v2.md;V1.0.0;20/01/2026 21:46:48
tests_meme_v2.md;V1.0.1;21/01/2026 10:01:35
conv_reglages_meme.md;V1.0.4;21/01/2026 12:58:42
detmeme.py;V1.0.2;21/01/2026 12:58:42
web24.css;V1.0.3;21/01/2026 12:58:42
web24.html;V1.0.3;21/01/2026 12:58:42
detmeme.py;V1.0.3;21/01/2026 13:08:43
trouveid.py;V1.0.1;21/01/2026 13:08:43
web24.html;V1.0.4;21/01/2026 13:08:43
conv_hautes.md;V1.0.0;21/01/2026 13:18:43
hautes.md;V1.0.0;21/01/2026 13:18:43
Prompt_MD_to_Slides_Ready.md;V1.0.0;21/01/2026 14:05:45
test_meme_cli.cmd;V1.0.0;21/01/2026 15:08:48
trouveid.py;V1.0.2;21/01/2026 15:08:48
web24.html;V1.0.5;21/01/2026 15:08:48
conv_hautes.md;V1.0.1;21/01/2026 16:00:51
hautes.md;V1.0.1;21/01/2026 16:00:51
detmeme.py;V1.0.4;21/01/2026 16:08:51
web24.html;V1.0.6;21/01/2026 16:08:51
trouveid.py;V1.0.3;21/01/2026 16:19:52
conv_modedemploiV5.1.md;V1.0.0;21/01/2026 16:31:52
modedemploi.html;V1.0.10;21/01/2026 16:31:52
conv_détection.md;V1.0.1;21/01/2026 16:32:53
detection.md;V1.0.1;21/01/2026 16:32:53
detall.py;V1.0.9;21/01/2026 16:34:53
trouveid.py;V1.0.4;21/01/2026 16:34:53
conv_reglages_meme.md;V1.0.5;21/01/2026 18:12:57
detall.py;V1.0.10;21/01/2026 18:12:57
detcount.py;V1.0.1;21/01/2026 18:12:57
detmeme.py;V1.0.5;21/01/2026 18:12:57
trouveid.py;V1.0.5;21/01/2026 18:12:57
conv_détection.md;V1.0.2;21/01/2026 19:56:58
detection.html;V1.0.0;21/01/2026 19:56:58
md2reveal.py;V1.0.0;21/01/2026 19:56:58
conv_Kitview_Manual_HTML_Conversion.md;V1.0.0;22/01/2026 10:09:33
Prompt_finaliser_partie10.md;V1.0.0;22/01/2026 10:09:33
conv_page10_finmanuel.md;V1.0.0;22/01/2026 11:47:39
conv_page10_finmanuel.md;V1.0.1;22/01/2026 13:32:48
kitviewmanuald.html;V1.0.0;22/01/2026 13:32:48
kitviewmanuale.html;V1.0.0;22/01/2026 13:32:48
kitviewmanuali.html;V1.0.0;22/01/2026 13:32:48
kitviewmanuals.html;V1.0.0;22/01/2026 13:32:48
comparatif_standard_debutant.csv;V1.0.0;22/01/2026 14:19:50
conv_page10_finmanuel.md;V1.0.2;22/01/2026 14:19:50
kitviewmanuald.html;V1.0.1;22/01/2026 14:19:50
kitviewmanuals.html;V1.0.1;22/01/2026 14:19:50
conv_page10_finmanuel.md;V1.0.3;22/01/2026 15:09:00
extract_texts_for_translation.py;V1.0.0;22/01/2026 15:09:00
generate_translated_html.py;V1.0.0;22/01/2026 15:09:00
kitviewmanuals_en.html;V1.0.0;22/01/2026 15:09:00
translations_kitviewmanuals_fr_en.csv;V1.0.0;22/01/2026 15:09:00
translations_sections1-2_reviewed.csv;V1.0.0;22/01/2026 15:09:00
conv_debug_meme.md;V1.0.0;22/01/2026 19:22:14
jsonsql.py;V1.0.8;22/01/2026 19:22:14
test_meme_debug.cmd;V1.0.0;22/01/2026 19:22:14
conv_debogage_guillaume_suite.md;V1.0.0;23/01/2026 07:30:42
web24.html;V1.0.7;23/01/2026 07:30:42
adapt.py;V1.0.0;23/01/2026 07:44:43
conv_echec_et_recommence.md;V1.0.0;23/01/2026 07:44:43
extractfr.py;V1.0.0;23/01/2026 07:44:43
gene.py;V1.0.0;23/01/2026 07:44:43
trad.py;V1.0.0;23/01/2026 07:44:43
translations.csv;V1.0.0;23/01/2026 07:44:43
adapt.py;V1.0.1;23/01/2026 07:52:44
conv_echec_et_recommence.md;V1.0.1;23/01/2026 07:52:44
extractfr.py;V1.0.1;23/01/2026 07:52:44
gene.py;V1.0.1;23/01/2026 07:52:44
kitviewmanuals.html;V1.0.2;23/01/2026 07:52:44
trad.py;V1.0.1;23/01/2026 07:52:44
translations.csv;V1.0.1;23/01/2026 07:52:44
conv_echec_et_recommence.md;V1.0.2;23/01/2026 12:53:03
manualhisto.md;V1.0.0;23/01/2026 12:53:03
manualmodedemploi.md;V1.0.0;23/01/2026 12:53:03
conv_refactoring_web25_session3.md;V1.0.0;23/01/2026 13:53:06
i18n.js;V1.0.0;23/01/2026 13:53:07
meme.js;V1.0.0;23/01/2026 13:53:07
web25.html;V1.0.0;23/01/2026 13:53:07
conv_refactoring_web25_session3.md;V1.0.1;24/01/2026 13:10:13
Prompt_tests_meme.md;V1.0.0;24/01/2026 13:10:13
conv_debug_detmeme.md;V1.0.0;25/01/2026 13:33:54
detmeme.py;V1.0.6;25/01/2026 13:33:54
conv_debug_detmeme.md;V1.0.1;25/01/2026 15:37:57
detmeme.py;V1.0.7;25/01/2026 15:37:57
conv_debug_detmeme.md;V1.0.2;25/01/2026 15:39:57
conv_debugmemeihm.md;V1.0.0;25/01/2026 19:05:05
jsonsql.py;V1.0.9;25/01/2026 19:05:05
conv_mode_d_emploi_51.md;V1.0.0;28/01/2026 09:38:14
modedemploi.html;V1.0.11;28/01/2026 09:38:14
conv_bugportraitia.md;V1.0.0;28/01/2026 14:55:26
detia.py;V1.0.30;28/01/2026 14:55:26
Prompt_detia_systeme.md;V1.0.0;28/01/2026 14:55:26
llmsOrtho.csv;V1.0.0;28/01/2026 15:16:27
AUDIT_PAGINATION.md;V1.0.0;28/01/2026 16:39:30
conv_mode_classique.md;V1.0.0;28/01/2026 16:39:30
jsonsql.py;V1.0.10;28/01/2026 16:39:30
trouve.py;V1.0.20;28/01/2026 16:39:30
conv_mode_classique.md;V1.0.1;28/01/2026 18:04:20
jsonsql.py;V1.0.11;28/01/2026 18:04:20
search.py;V1.0.29;28/01/2026 18:04:20
trouve.py;V1.0.21;28/01/2026 18:04:20
conv_debug27.md;V1.0.0;30/01/2026 13:48:48
server.py;V1.0.53;30/01/2026 13:48:48
test_pagination.py;V1.0.0;30/01/2026 13:48:48
